73.2435566365557,34.39963479836
109.332155514007,3.33407580291936
112.064438469037,-1.33737757642921
103.225298097795,-4.5303658448904
104.305090017533,-0.542661008665857
102.759536569705,-7.51513218000981
85.4709655915717,-57.2975190049106
84.0616893897576,-55.1926522802856
0.215024285267494,-45.3476996906968
45.474583911289,-55.9441546505922
44.4286620381243,-54.3412011203901
67.6349168451008,-37.1998346723214
108.758626289116,-22.566431186577
118.025936578615,6.87362850407197
38.9328746926044,0.443553116842312
85.6718069931754,-6.86678571547282
4.95527137415331,-15.6350105180583
-3.13987508018846,-13.3001277576322
50.2076576865283,-36.7266220515941
48.0395370319645,-54.883605839104
65.4778086253822,-74.1110755002981
42.4997226324919,-61.4298406263309
31.9642091250465,-55.338542640729
-39.7581698111206,-97.5760410183242
2.38888641987723,-81.8194366713686
50.9544953237513,-42.6188087666075
50.1189232758894,-49.1853599546402
-16.1387901087461,-27.611016257014
38.311497647361,-24.055618686116
-13.6961012250479,14.7285480519413
-4.53630478086299,28.8215358610466
92.4268179440464,27.5462366285776
37.7780351176591,22.4508275656578
28.7155981710565,22.5591870802755
20.9593760139238,18.8931807801062
44.1258678079775,1.22667292609125
9.98338683064827,-20.6579149832716
14.0189367716321,-22.9108269173749
40.9263807517944,-0.987284967455553
15.3515566324498,-17.0113693901542
38.3547188484901,16.6186709179376
56.0526736022707,32.5238835547191
53.8918789976436,33.921586927619
54.1695457708472,40.21835664878
52.2801667975064,26.5567610705103
31.9497087305163,7.00648193570915
26.5348973070231,3.72167205437075
-33.5233946594922,-44.2635901867552
-23.6594686261241,-48.3929502086575
12.0928389236568,-43.0962854934855
17.8701059664896,-63.191045569271
13.9673936845262,-52.0706977953671
4.10670663350369,-53.2092535609762
-2.06243496049117,-69.8634544336862
-3.08420532090823,-80.5604589800442
4.78739166868147,-76.1721524638299
3.83968970010007,-77.0895680402867
6.86891972276752,-72.7005256615423
10.849663448268,-83.7543188108537
7.81662241516288,-82.251668962873
2.78147681918537,-66.6339392361019
0.531206785430532,-59.5603930716324
-3.06907609013552,-70.5617042805615
13.5687777954273,-76.4675410695824
17.695473437715,-78.9102161689388
15.9503151937184,-74.6689582332213
24.7532486028658,-97.4245990232117
18.3850661410228,-86.7015302973486
71.6192640337007,241.244553919114
144.399129682373,920.086167667858
147.61430765323,919.895173110457
-30.672066069282,928.327304596795
-82.3088586573903,960.706747467751
-47.6867837312759,961.945035689824
-2.53509845874927,956.078303898353
67.4375219961951,961.906515809276
1.49672194325674,953.319868918372
-2.68575329378108,962.117392631385
-75.7318510763844,948.522167604385
-76.0680282988488,946.036191237472
-59.3785594680225,933.962429788275
-66.5471133054412,971.781861707291
-104.911128423692,1009.92486615504
-105.207248548827,969.586536528845
-63.4131599473574,976.729821575257
-36.6834279287243,986.981849146601
-100.631581239635,982.703998636566
-49.9848523618931,970.177122177285
-76.4609199149727,946.155425850252
-90.9760684358636,930.713320319428
-85.1971776884547,930.219905944832
-98.9188254147971,974.586137873862
-25.1990570607294,980.985212818723
-73.4394336267906,987.660100907641
-81.8577774052168,981.30386019677
-63.7918742624216,976.07089918632
-96.2086296237676,989.566932870185
-98.664908086292,944.322680046722
-91.4960920759367,945.056968213633
-26.1074033054768,965.386228374669
-45.4390602029306,957.780861541191
-82.8363603922463,962.738096248882
-74.6232060417861,961.241431201155
-70.6768105210015,951.628753874705
-79.0004906983906,934.365642505075
-67.7375693188049,954.801308950326
-90.1020657612806,949.032524443479
-34.4055201002298,954.784499906905
-97.6540923970101,956.672375553003
-72.1929139530324,950.276613737326
-73.3174813203534,945.904142069738
-88.0152601651532,932.847740663708
-68.0945135144523,920.965617817837
-96.3860072383512,943.441211986953
-1.82334780059102,942.239663991495
-63.1889062819209,930.165521970447
-67.2571940282385,938.294264505112
-53.8174324105469,935.688163183456
-84.2151752598192,943.749353318986
-83.9461195218881,937.745517833213
-40.6334924741226,943.426673033375
-25.2099386102541,956.297547799261
-31.4945747314906,947.774536428021
-64.7780131061605,924.750930697726
-48.6468406624731,925.293536126988
-86.5642757523018,913.90005672371
-94.1080757821268,916.243551918197
-87.517175823486,936.752474108158
-100.050854528177,946.857970251428
-8.4471825976227,961.609957236722
75.1711048044367,967.745852546645
168.039895271676,955.777430376273
294.343509009757,947.863632231183
301.021841660779,939.570758071132
539.952377998526,949.60127406859
1592.30714552442,907.567252352812
1839.60915526115,904.545628608039
1878.5510889264,919.690682454825
1945.96317423217,935.842081664137
1977.22513926069,924.26037932676
1892.1663902379,929.327202914601
1894.01729678853,950.722925002957
2003.44563853471,957.657046644974
2019.15962976695,968.228479086667
1973.49822024611,977.100691533125
2047.33910482413,961.22226435884
1957.07192117239,975.973735775125
2004.84790832908,971.466487706413
2002.84537522139,967.416821414656
2010.85912932968,964.339610399602
2017.37581970207,958.053417740085
2009.21895872305,958.1408352191
2024.53261292071,957.264317130531
2006.32164359267,952.987999540228
2005.80203796545,951.703886381706
2036.73024783797,949.68861350261
1947.16075996391,960.817383921644
2001.27046171432,957.09814225976
2020.81347372198,953.828162374022
2014.38868806349,957.172709600804
2022.74988895224,953.23319896666
1961.6135736499,957.408613505208
2014.56109131459,950.565874576693
2011.09013000641,952.109407335549
2023.4209273248,954.499811342478
2024.61745522634,953.910518822422
2005.19307254602,954.557702034804
2049.96066858662,952.940713493738
2038.42471435749,949.913329314202
1932.25810623499,953.457769571087
1982.90086275142,956.498545868008
2040.14443620625,957.224305265256
1996.98264016341,956.87577179228
2020.8929581273,958.379163171471
2023.36582294127,955.143403253877
2024.2595609703,949.90216638304
1992.18705306225,948.185213622377
2008.29279508191,944.55728306677
2038.28678209403,945.874563424412
2038.18000957421,942.980183799755
2037.08913427882,940.715653478814
2060.6729275711,939.603261728609
2053.96590758454,953.814668954581
2003.42054679972,927.92806974533
2019.16617878419,949.204554106283
2027.45978635474,957.778219833423
2027.25021175102,962.257650053471
1884.62031604895,58.4955306754705
1884.60778289761,51.9634362478578
1882.0301761428,51.5241117986768
1884.34091952685,55.3466919859911
1915.67861807607,22.8712694008704
1922.2507241828,30.0754109519138
1924.2130484683,32.0482579336917
1930.45075342555,23.8107683109676
2014.57701243835,6.94687664953978
1987.71532616348,24.2781486785024
1949.9758507489,49.8181993680814
1969.24219581512,58.2619493103171
1957.99267741457,44.553225710484
1994.11291828916,54.9441942037924
1976.72620553796,52.2633184978952
1958.13294215725,56.4726746541191
1971.51451865415,58.9123768168036
1960.32333626916,50.7054871830208
1964.18953842061,50.0592936516954
1978.49012704539,48.6162867134633
2005.66537721622,56.0478609278568
2000.38425306543,55.2503069228352
1965.10918998204,50.0584774208843
1990.09976403149,57.2903676048977
1969.66413054263,59.0046666674696
1957.7223313,55.274684401813
1963.50745858862,49.3549058264842
1983.09775002111,40.6952461592807
2006.45949910357,45.0768756749051
1982.16218496627,70.9916842380044
1961.64208989791,51.1908235601438
1969.90133407747,51.7929293496582
1949.75840350199,48.4428258415021
1949.35429947216,48.2809503064424
1952.97201226842,51.1083754205484
1984.21926737155,68.7694918544454
1983.23429331257,69.0281720241246
1964.58696243303,65.7477007748641
1964.99126966364,71.6506886109336
1963.75433813587,57.3005204684218
1949.19040257797,66.1650912063401
1946.84619761225,64.5590961257676
1968.63235503235,83.507946898395
1971.50881774383,89.3444831509823
1955.98859992145,72.7115368086834
1950.08515770077,68.0109529299101
1949.1459787504,55.8449121933331
1942.2372527922,49.0535801188568
1948.89096944281,53.6845774050114
1947.53996634476,55.0843306557851
1950.84601531351,72.3427063190364
1947.78986465439,73.9657759189631
1953.59099192713,70.3362399196385
1933.71399007105,59.5221286103363
1696.83001477083,105.549440995689
1031.74405878506,239.851162673286
850.703567497067,286.767801577304
806.921592656669,255.19140262011
714.434681454567,213.786303777468
342.986531547142,131.714966416462
195.429492666392,84.5261699349968
174.02909197867,63.3932485810633
153.963312887559,56.7042764823996
122.932364879773,70.9416494072897
129.282504820776,78.0900905839038
356.447205493267,51.9717571616825
395.043915389843,33.3329262800556
439.407284570232,28.9102178075508
441.346525628712,12.0722799264002
425.624033709306,-7.40408347027999
411.92909748827,21.7346095963015
420.897004637782,13.2783326311006
493.333317214655,35.7163124093724
490.27315036747,37.4422995930267
456.749168169681,-1.51016977830601
425.146729667052,6.56861647359048
411.62949698178,-21.5163398903565
458.266757630857,-1.87982252251538
441.122556882694,3.51929587897851
469.966766707576,-4.10464993322635
447.672825912263,-2.04079030086149
501.532562415944,4.7630522206968
671.437751951184,-10.0683922246081
651.584814081003,-2.17605983906351
646.093967003426,-4.28260541512171
597.653946439442,-16.2458133819837
566.583982313859,9.71805756846875
637.591484101964,1.9460489365909
647.210530181858,-0.265174919576011
627.890061613493,312.707103596731
558.424778241884,452.992944168388
440.884861545475,658.783948326231
418.669223915274,682.762859477972
427.074534182878,674.626891680852
421.01763148264,678.449424198432
345.540165573125,676.8791997962
181.843431861919,678.14866217686
120.250991570283,683.421114743208
124.218400130976,682.099511284371
30.7401575705823,656.983805807396
17.49042538454,687.80926434427
18.0647409252829,676.977277641501
56.1529789008998,481.126711406587
44.3348450598202,287.56098639949
-2.49829078033237,241.821070615645
227.554062236802,256.190671787385
206.176108998425,222.297536636636
285.050760924138,211.552631209862
300.992128655762,502.712386400765
333.43927624378,975.261670264142
321.160155342441,984.553391559615
220.210973093709,952.198249008215
301.129322834493,950.865697199953
310.139531987617,955.784559751929
318.714383552168,959.909565504752
306.000259473836,974.887264352008
331.452666393266,940.124776405009
340.499257244677,966.735888356381
311.474815666383,957.813372445516
397.526224962386,958.679708012333
366.06893385149,945.562569912254
293.590379952255,908.978293842527
269.140220205259,955.215727485688
310.304359161356,981.159103115968
263.954491442535,976.270653410741
301.662171736585,976.657560379559
275.716279584033,968.746082922878
181.475904875972,940.436151714542
174.25739856256,942.490929398582
175.174495166575,962.981490749263
247.166847677833,978.844935480879
228.226580906744,997.259390191909
242.315664484857,923.703175360879
141.985907263392,819.216295771629
343.832714118224,521.258467336929
381.588350438855,309.236375867342
299.061218167162,41.7139649596331
313.514540139235,-9.46302755583278
317.057776479458,-0.60049292090119
330.730603302371,2.48622521943402
345.3662009297,7.38785839409552
341.171554057894,-2.42177483431666
336.039121569976,-11.5741099858796
336.728473934588,-15.0913255035393
317.399781810229,3.98555094643572
311.755127574507,14.70339948928
312.61413587897,15.8079237946639
317.425998554204,29.9855429791994
321.652682985205,9.68862045605833
324.016091879871,4.06236514875179
340.622106304149,8.25902151300361
355.809689835341,76.7233065179684
361.693070117066,83.2455188787125
362.442059783914,81.9656435079511
368.079506877778,67.2517785873482
370.481317951966,87.202123034021
371.600966271529,119.53265889983
374.21088420725,129.648197183924
379.079968900348,142.053729587992
383.946096416586,151.695217075331
385.753690111731,147.541835755949
379.785382958036,138.88679078703
366.273621374733,103.464299183954
356.910288184528,94.0713632338496
354.811276152343,88.2892925906702
352.644857027354,85.4735811786346
343.384553097556,62.0957368742126
342.079733125684,58.0881757995769
343.027202222404,60.9337123910271
466.602044133402,339.243893913283
825.416440552044,1429.59222248137
885.496095917892,1661.95014723198
849.261329254816,1792.85313477742
870.631572787415,1806.10976466468
834.350162888868,1817.9721150298
829.207721736187,1788.71949298676
841.518410505875,1762.01602175814
843.336450118162,1726.91836247965
831.619862902432,1745.04751371345
837.87742236177,1661.71069376053
853.427697352831,1632.94131545625
862.758237416917,1613.37538267594
857.594858753202,1525.00485914132
421.590249535509,323.484868216201
267.379865612293,128.093997313994
347.406830649988,132.202083328885
358.462507939988,91.5645172425942
337.239556753099,31.1759779544287
329.424627353649,58.8924135914758
326.153884451701,69.9814114411899
328.149668310436,70.570529663278
234.622219851167,20.504483717577
208.559883464682,36.4987870593735
226.672110051665,51.3306710334889
240.071858071688,54.7005673069232
229.591950167192,55.9348257879415
202.016995377925,56.0997315648725
226.264261293951,28.5266754816753
200.445546455321,13.0863498931463
183.317658361878,28.1031052371504
263.865435904085,37.9708404696268
249.354431299023,34.4298890559321
233.339882236244,11.7939339715011
221.232262330273,-5.21871594414954
247.380694348587,6.02759709948721
263.24014763385,5.50723171290345
240.743654846197,-3.33208690863501
218.417479393585,4.23881955127435
214.531264430556,12.4885507449888
204.706737179948,22.2813911165753
224.071972748271,18.0749278759383
313.784738237327,17.6227059831164
318.141117597278,29.2458439862055
247.798969647138,35.266576369093
289.95059744017,48.7211288907019
258.641732489053,42.9566219620323
224.537102984835,37.3743617841798
211.961116549409,30.1853215261425
203.321511683641,26.9880566209838
207.067489720936,15.0188311143675
235.316004225006,16.623288566556
241.904718737648,-2.34264796550025
308.002758988506,12.6495012740918
286.532764492621,15.0565561721333
248.382025179784,4.64185123387865
235.50861471741,10.2783111056713
261.80391849093,19.9205204648725
236.576926845285,15.9452357120782
215.41607926423,9.82912735621977
446.578533663288,116.944173529966
411.508641731385,32.0879587371858
249.627908785801,-10.988381101281
281.96597953359,-11.525061809169
272.194147071237,-12.3066623614071
255.600037800124,-11.4318142071271
290.240546431906,5.47585179817781
285.997033522947,6.5437328161041
283.195400733497,2.29409941340679
256.114517997165,-7.56736750761619
245.512556381018,-11.6711430218846
288.212168515252,3.76391034400255
232.704985856757,-8.11560477106747
241.958548103097,-10.5379318833602
283.949853316124,-7.83548094182685
267.673805211311,-12.5308702132652
246.467839081402,-13.0069617559332
231.463238529695,-14.9209861066822
233.392842370291,-12.6463857769003
226.499069207728,-11.3286589105959
223.440456617146,-19.3220867465486
261.381834231953,-9.66076453407474
278.463154176586,22.2295569026718
244.560131461462,40.0482183760236
273.268015455555,67.2480827773105
241.831925304233,55.1931564833188
205.302510495187,64.9209471485694
213.396131792246,58.0032086193242
212.634636173396,45.4446320575049
193.684450246243,35.2011043957936
206.208434617708,37.9753505472495
233.177156432831,46.7053025759576
183.254976202541,32.8018986235546
202.429675225099,39.6028906710469
245.571970116954,21.81040574767
258.282088389077,-11.4025018600338
220.617913769271,-7.74106409023515
218.997171499066,-9.99301594021475
208.449098993518,-25.8827755783575
218.656413064939,-21.4833721253996
239.630821782793,-13.4956670320871
283.430966011191,-10.2964197496094
304.872215988835,-23.0365860586782
316.88590290647,-28.3109312000041
1070.30155261363,1781.38646435544
1037.76435402754,1726.38972250033
1056.90355673147,1686.76502761841
1061.00622486915,1677.3937810043
1075.24328655199,1669.26230137594
1082.33731548489,1675.64218803481
1063.03946132806,1693.44154607002
1055.1427773049,1705.92194385172
1065.21290681906,1720.46917184795
940.14029291345,1473.63452584029
557.719915524831,766.360691618264
275.848642972497,13.5683217582693
260.935141170895,9.6777821602467
272.870824840136,34.9825604900782
265.279485781155,12.1735823396671
315.295498999357,15.1346251226584
331.640404464828,11.394420125595
340.151353557553,10.6361346512198
344.201947309495,14.7121056546213
547.801198031841,300.752804459556
570.764202553827,333.111457654101
473.676545035157,332.494357772822
564.303350981425,292.883164628182
581.667928649381,283.226335281302
575.615676445868,294.199359981857
568.36741350354,287.521358902499
563.873952304491,285.72223912623
559.052310699153,280.682066154448
562.326097134664,289.616509220073
564.426692201946,299.925079885412
566.271430440168,297.25394884795
580.367714547712,280.12531342509
1154.34409842448,566.825154406866
2001.72964060681,1579.52526865622
2084.65228203068,1596.30907422041
2076.71513038135,1630.19881127292
1945.66560534505,1619.73920146428
2079.98157188206,1617.47997715479
2106.29006132494,1639.96940579797
2156.94608966148,1639.39973603317
2116.36398077376,1613.46089718107
1901.8196706915,1732.59077285387
1447.39842424383,1881.0831434163
1464.81202277715,1876.98436344795
1447.19273496442,1861.86379768886
1444.96679567488,1861.49545657963
1526.09363260469,1715.33040546828
1743.29157298999,1742.99872873023
1851.45168093842,1732.02726548411
1831.0880902669,1717.74728717258
1898.22845227564,1689.82586914189
1968.21500296863,1718.92091985066
2081.58945006175,1728.33983920052
2061.47659176335,1686.18779143618
2026.38059430974,1673.70808795181
922.858449964229,546.145620003158
436.909778849685,75.5822134068901
405.51753576253,89.166265566098
440.312576258911,108.081611676068
459.263029050297,139.670385973108
471.342757623713,146.036108753888
468.52009512672,135.906436337697
367.838085549394,26.8629747056352
371.265974403932,21.7024529374743
373.146711891724,30.7078234782128
363.787057907267,43.8653669575864
367.77645728733,51.9295587473406
312.590110872559,28.7837776221641
255.056768153684,8.38790722592191
245.182222644202,-8.79085860048282
252.42623011853,19.782736142012
266.1098577145,48.2701161251556
252.453900729558,44.2173219383086
220.375311853384,25.5794036172384
207.347796644273,42.282478909828
241.244701722936,60.1960226188817
299.378028466804,60.3894671757374
296.602786202119,56.6790588457009
280.002892764909,59.8582101646818
279.903878494281,52.928204880121
279.525236025379,50.2275527488702
279.223636408915,49.676209555407
279.842299742328,70.1296739247473
301.374949390856,83.054647322882
319.488812497517,86.3586606779757
334.621753383853,78.6410801440275
339.745600719119,75.2857484514247
351.810336189838,50.4406010141829
365.668701669518,26.5048795460306
367.15181063875,34.2064401794455
377.521371022322,18.6605843384885
378.574048142857,30.2869950479938
377.639870781996,51.903225698142
362.598289578145,46.9847003066039
276.56990334542,77.0632328765126
236.001321563785,60.2620171731035
250.565996059453,65.7000583276461
353.092589179931,95.5664549499017
321.808432460501,80.9713918766164
271.935247084207,64.5818698665825
295.00366500648,56.4425792567267
270.840293793384,59.7348296367531
289.849398999152,47.4057782768298
411.05653348307,35.0078912411195
850.669925269211,538.758736267538
847.378401024718,514.142135753715
844.097379689103,512.736282959403
780.873272452331,495.223016914709
594.66261270965,463.437249769525
635.041577250466,455.648802770621
583.422193764633,419.667070994436
613.756908119673,400.01018948798
607.370879290909,463.114751882761
490.094418418235,523.05373074912
485.225239449561,593.10609949415
485.178047001723,602.20530604648
412.220048378064,594.445797173492
545.92990206541,639.087249330807
515.773718901078,638.323474943019
483.01379998057,643.165129954164
452.505098089221,661.855659592538
433.026153119782,667.761468218784
485.177134953717,715.643221854215
486.063510064065,722.02344193411
510.882881027211,745.325334053973
507.905353663684,744.710940914489
497.032716147444,727.017196441768
543.227166436419,743.74099531065
571.619827582426,746.428547330821
571.077893184545,747.124666756687
565.25987541427,738.200417895839
556.825871002289,743.829911718054
573.485716698241,727.724908560001
566.400832684168,731.216761887377
562.257756425643,742.216440128366
599.488692669909,759.561076374992
614.707120175772,456.911838887719
586.691644193802,458.934259790262
578.834868770806,449.482028685862
466.820881856366,434.124131831917
407.214374657765,472.064152337192
401.249294753287,548.074686601532
411.056774396489,527.688326041433
404.927525486409,505.065693692169
412.747663791633,500.267042007535
440.344489470705,508.520080103063
455.753701743369,508.849344804954
473.457400713792,511.005059358441
452.504619690958,525.81917211426
429.353797823854,578.240339127182
736.859132970289,540.847594399554
1306.80797231946,510.65362770423
1260.35650735107,488.581451344223
1268.99995442168,472.477093435553
1197.05715417765,513.712856462225
1137.81358803735,511.604745748256
1179.07704420744,515.969423372077
1186.40798312749,510.025214393649
1216.31114815727,546.529665572966
1202.08804164123,635.250039818656
1214.519526065,655.361932374914
1271.40037352892,672.514514997536
1162.19923652363,653.129156468288
992.942866319277,678.028141614419
1009.81133948837,721.234179126422
1044.42935875717,705.227400721309
1011.79100552718,696.315468556751
1001.39964143474,673.567673140546
1045.97054234588,705.512798093077
1017.68608031498,702.016386250967
1160.75673575965,685.533475956751
1462.04195874125,705.83069796466
1477.37370635705,712.004548855639
1378.64032506372,653.565914296704
1478.4577366113,701.834826876318
1599.39194346074,678.305520035057
1637.39131082471,633.614775697103
1640.31509626909,614.068114145652
1648.46276231737,587.380424967568
1640.53746025735,561.183181610206
1627.74696444715,563.187918431282
1617.93135186237,576.454083912531
1509.08511777563,558.805023321304
1371.47395322005,548.474614350437
1371.3021534229,540.666131326545
1366.39483598122,552.845218450825
1429.04692483915,516.767957424085
1541.84840673783,359.699959380922
1583.19735543782,333.398901509473
1645.74735497825,339.266240816182
1547.43948112597,330.032525043534
1519.86043677243,323.98371793398
1548.58936710629,321.789071268094
1573.6801971162,328.641470282089
1573.4972888807,336.700062564069
1568.12986722186,338.968390181862
1508.41787458603,349.59691478495
1610.5295998879,371.511425610491
1500.81843203599,348.245104524268
911.107885842418,193.963343768978
761.544237463379,159.883557559884
814.344393387527,154.56374686919
742.090483019771,171.260302370399
722.307306524996,177.025055590215
694.60846574085,193.83133000959
680.082030700556,197.698189065574
676.007974764544,196.803521390345
618.286626701215,219.874333809058
575.13575589621,221.490330458076
629.88591772705,202.933920943063
714.624084325749,200.127059984168
710.639196583637,208.49959337203
697.238935850544,205.565389663048
336.520683499808,250.518646693741
213.03212192318,295.925543181084
258.177526669124,314.677441182334
314.425261272972,356.051898365598
353.69983995474,403.537569299513
394.946467416771,930.129668337612
421.534895816215,1200.78409117178
504.633064266631,1605.19499958088
443.559451832823,1615.37075815418
421.022627620536,1622.79828758131
410.495279215582,1630.53340686111
968.510697329668,1686.78471401656
1193.14599287794,1677.71597041238
1252.49038830988,1645.84217305002
1247.16754470736,1630.0861663905
1241.02408534653,1671.65061958547
1230.11680504974,1703.93679606351
1237.14821065726,1692.90219281929
1111.49406177431,1705.76110339444
894.666225772794,1724.55806157129
817.217676081896,1744.81086457427
815.368874503395,1720.56382646398
606.017367155196,1693.95011369541
590.979840906521,1735.58282979294
543.999891481235,1724.80289619791
464.778242338047,1694.56288732243
418.350243699766,1678.31063748595
473.680991778542,1678.59652363557
509.715221233138,1680.44253857944
490.243415967218,1156.4546857004
399.418909482862,589.963669726889
245.747303704203,216.452000884866
272.14356908504,236.859822732495
289.686627492366,246.372452205192
255.714954131847,203.198408130002
253.366685225658,235.835245461066
257.742570481145,236.683288717092
260.390922254624,229.865415015269
258.838678616093,234.826703849229
298.115421778099,452.743663557362
395.352924511319,1256.64827367334
394.596824638757,1565.68320659039
427.992376963692,1665.33761194605
431.249362617895,1652.2578382646
426.115912404819,1686.32672854907
455.089355283561,1723.7005942904
487.007460998723,1785.14847579837
527.115375107177,1756.3065376675
747.126795664992,1724.2738567396
1121.36515936432,1713.08510993151
1252.30464362482,1673.12328819257
1212.87288207865,1682.72906556479
988.678455191627,1768.69545559135
720.365988438792,1877.11839737289
653.537828338842,1907.56374316046
626.320938655056,1971.67662102385
614.718202661348,2023.56782103105
455.215104562166,2048.41208410479
515.663507897322,2048.41166187715
482.42420903966,2054.27608332744
420.206621821207,2088.47687523484
405.915562269842,2130.15335007372
426.148966981898,2096.16322019422
409.346493088457,2125.41932720638
454.829852305448,2091.69253769236
465.809940580221,1986.58971207488
487.082321285475,1915.47694705403
514.993779397224,1792.26849051812
507.644466855158,1837.27299704272
491.953805711615,1838.66574017481
465.780942097367,1889.92906830554
488.092522210798,1822.06236614743
502.504234245885,1854.05858532054
521.734090697505,1899.34922607068
458.413689988253,1999.32734098908
489.767915741903,2017.52180751853
431.736255618377,2073.70111305795
528.946222101076,2034.99598189608
615.894960000353,1963.6766040865
632.51240535467,1931.50455633881
448.208394511919,1939.2834002855
641.876357161867,1904.15992081618
1194.47144525567,1882.17037609783
1570.07908730807,1799.63769088673
1889.94886141152,1624.65738949641
1772.64285682219,1637.15198002304
1755.19774101731,1634.62071827748
1805.83962420902,1688.38134431401
1822.98139329051,1748.94111340623
1835.49090612963,1750.98274744114
481.433505630355,334.355856591146
385.798504322141,284.873058775025
350.778261506127,272.497668244078
293.817487567843,197.789675769225
239.034293604975,152.091215730276
271.716854477816,215.045540340969
236.487674132494,274.249193151492
269.907642951994,241.981684765338
313.206473409992,233.214268405875
316.854834339247,232.799420055244
295.495166106555,210.390922971055
285.660266046865,158.56445689333
284.901881946038,139.215110254976
224.533712370689,111.060363964052
223.592023051514,107.993693599308
280.870798470626,154.545546957037
717.833322076785,406.53978817981
673.233133158709,434.139382496817
728.677291816771,426.13762333818
776.33487031957,396.113870336892
702.254495084583,405.153141932423
693.144779370245,411.022520938342
814.789398305313,414.749039915368
873.997780481156,424.321495967713
901.92148439709,438.111675751408
887.448957024791,420.050266698364
878.992259019385,331.206463105966
872.951332452299,322.81052396258
893.816810619228,309.479277409507
941.544563335552,280.214449771331
948.37937584552,264.05067836519
964.604905764522,242.265736670614
1021.55116286733,189.292494554576
1029.3135641131,159.993944450725
1023.49472293151,137.351112351775
1021.43501439549,102.181875586972
1065.99929052191,76.1411636067367
1086.89482105302,131.674271123149
1010.10132610318,238.584637788686
1077.08981287602,242.325488968544
1114.96128993635,238.31602767958
1118.52098713294,232.919530928703
1129.44695317877,227.348957719522
1237.15110968102,247.024037825606
1171.46144384575,236.580394964812
1164.88286825546,254.053025979773
1164.37467851543,254.871195001183
1224.06104404459,264.855827697041
1204.13105277146,253.896918986132
1106.1638391382,243.861664875779
1037.61780382141,269.995857924415
965.927686606663,296.826181074534
959.391682786904,272.969736322057
921.355719848552,272.129489503177
915.819937680681,303.440911706977
868.609780296833,269.273985653725
838.544469817101,314.81668628278
795.729099481705,376.775168983796
801.459135704461,364.848610171887
811.868004915246,359.925993199839
806.585783248768,372.752859621279
797.846455161352,381.587322094553
792.789435148893,490.437326668714
724.779013804791,465.901031358508
662.2697811597,424.33695721726
699.336029904248,456.013375875901
676.874240293674,463.926995737338
697.935431466457,459.28392838637
690.190594189547,456.753941814799
685.397481647341,379.082878114488
723.703609682006,333.396197122753
777.185015135638,336.238663108744
769.940749348751,343.152564163354
777.249671145126,327.61804096368
716.550573689068,309.217041247615
752.680443828394,317.581568625878
736.974375491598,316.087331285511
750.66172356496,317.488258899585
754.223394302316,313.185919810885
760.931626834206,316.455877332087
750.797743562261,298.894831072104
681.476311585128,271.20267353287
556.533143955588,523.971332560905
567.29764686309,678.526325430362
481.194314034729,663.036307943557
478.268810013006,675.758402782662
503.928466050251,687.429479957678
489.77577795118,653.12419880779
474.273622096314,664.371501945679
468.869770711674,662.733193432501
468.651900509096,652.852978209019
502.007840451991,661.046464771047
555.673096564873,646.6595809036
537.218804750119,642.215852253689
1135.3074467424,464.172154754073
1201.49125962307,396.891184745725
1216.33038995292,363.957313310795
1221.77684376836,380.828284617874
1188.19205969197,374.55932757441
1190.35251451605,354.336958661207
1197.01136485187,376.095790154466
1182.62731699411,295.056515219278
1213.20022816809,265.997972738075
1215.30807700297,258.765994301517
659.045516235917,544.065952032329
386.77431109561,684.060583630837
381.226308228398,683.028082701808
337.781384030527,683.608951408373
392.449476276071,675.802549337659
367.323970685143,668.234631174739
412.091567466924,644.059145737039
434.828072232757,660.565938534447
503.45528681883,654.183435227358
493.98569250164,650.43416506505
512.187394015098,653.144540074061
512.771349277161,655.631928599199
500.548707269391,652.348285307835
404.914551118236,654.107904039112
471.851427144349,654.326194528089
447.240348633596,654.826062826563
455.600989992692,649.612068181475
374.614603922636,652.427485739629
410.173263879616,646.528321802461
502.401457405048,629.082611225942
497.512921605256,612.497082499829
458.450951794524,607.89554822699
521.424446634001,635.70573930036
493.20438222606,634.413265950595
523.682259576816,646.499171093677
545.924793620586,640.302209855292
544.51810680406,642.038975069019
520.083073660154,647.930311866822
459.508490644417,649.925606700465
518.683226494044,646.818245984692
504.474334536395,642.261062108719
531.773317200168,641.146650243702
557.68253828315,646.592084145257
543.276795989649,647.760039860073
553.677005558914,657.922464884057
473.014448414863,632.274601335602
516.916914676659,641.838023403357
532.03349204219,628.395546472514
494.383592684877,658.354636940355
523.846638435426,655.553445485049
524.101967576913,640.744004496452
459.077900348813,611.450692312895
488.99833149564,622.501611955311
478.856696827816,620.242772453874
545.900084699884,647.826153376293
527.00826624503,621.431716779755
542.768176687212,625.295913318896
559.437450756742,640.549044834629
514.586048553656,646.308476802104
528.31117755152,642.94307600485
457.193743541789,638.222207831037
490.475881591179,654.524254115945
543.209611143301,636.564432124022
446.835363799434,618.299966768745
487.855485215893,637.672269255899
508.316700053132,646.620931465171
522.995187654772,658.946553012571
521.405326275408,658.861912810224
756.54460947373,262.51193975471
753.06688172024,237.316362582094
720.702095303206,218.871449042327
700.450139018246,227.592495308091
620.495634948018,225.245845954438
643.655320032618,283.558584999756
673.367901497556,366.603644705523
722.492710403818,402.851675040525
718.055980001784,404.177371686901
737.142124131894,402.231009034273
760.739638627995,400.806778858441
666.743378426481,391.481049195773
657.152562100261,388.278779038686
654.885331664676,397.213135854087
710.443649520674,410.684004123832
719.949121831749,408.205549142406
730.472436759054,405.236225143894
742.585631721107,416.270826533177
738.200028869449,424.330285985767
744.254039255667,436.309905197412
747.366665175768,445.869676337474
745.862572931072,459.081679214666
747.421348877388,463.512457973304
750.114487825878,464.547634950404
737.977674741059,467.388966342442
792.87566420977,460.15923100218
808.325461577911,418.329147135283
816.252501823156,413.461503095224
818.530254807679,420.368714962575
1359.09904020831,671.739706593188
1325.49945784809,582.8855718311
1354.87046436245,608.423043325031
1341.27441927538,582.613785808676
1277.42011275393,531.57409289303
1274.02823483056,521.976586505434
1285.38850878286,515.948004546066
1347.81436511651,534.192537459929
1366.51342090353,536.875422709634
1360.86285000073,535.635222113871
1241.63987608495,507.466940421082
1237.91585100593,518.262050403326
1235.00004578365,583.506601805981
1167.55558197009,694.072021020163
1188.6024473266,734.608753397911
1178.80463838409,740.630476915312
1185.49282625829,742.423641878971
1230.00674241898,749.403830482322
1246.95032380969,708.137873490475
1184.4337651117,660.155930569557
1176.93652401094,650.470353169659
1133.57600887964,637.430235740688
1216.63038495194,606.409256979353
1171.54449191977,538.266555499783
1261.47067874493,516.525755518521
1207.90455104945,510.165091676361
1259.96452119611,511.064783144264
1258.00044178965,499.97309218551
1231.01161804865,487.672941783264
1252.60138623817,496.410299316774
1281.654479716,494.930092291144
1259.30314735411,493.433473628513
1265.16561653994,490.911656831716
1242.24004543673,460.727480457988
1219.47684673233,447.171534693422
1228.61132060229,437.773936384499
1210.47094606127,441.050352429923
1234.42194988881,438.700955482591
1252.11410629291,439.159281790866
1250.29529237372,438.93344780697
1247.64155038343,441.049292195761
1231.72876982327,443.322118387984
1211.08487574671,444.523853458599
953.391104777477,428.883334628009
792.366460686961,419.04352747883
768.766560404863,415.571075301871
779.652767544199,410.989491198325
777.184005212968,413.12887007832
759.849023606743,405.305802019913
756.871488051114,397.214724574937
737.940715547374,382.592067381346
733.767559644647,382.226352584683
706.906956209177,369.852940785396
718.510908686004,358.264211197689
689.468008677904,344.741758522101
678.049679272023,333.584541020906
683.849455416035,327.463857862066
677.086819133091,342.066214937351
709.264510877753,367.719716807627
695.682571252784,347.959483035064
767.930413332165,347.796915772038
787.121879719125,347.171046245661
784.116359397798,345.61561200158
791.08770202054,325.701769999435
851.242007350602,609.458813268783
863.430822698037,451.439209066351
778.579025330338,417.94874861729
711.125244109393,370.392365744075
762.281921800995,399.701358551016
659.161635843185,380.353305893362
774.100413117893,387.667161820553
774.959189214977,377.982700858588
778.142102304858,355.445112109131
848.486813322747,381.116643427565
872.221077203228,392.266144632251
824.634778398319,358.616193370516
796.591036137367,359.075639928181
854.252014351431,372.345788103714
787.286539231025,356.454843983193
782.710407197315,373.823749623408
848.593145130417,413.586763145553
873.564251344502,432.843714231808
810.690139025451,411.24936475978
800.182770161251,406.755230036722
788.521925265932,504.200265768966
778.478178558594,505.975748524476
776.247061386827,499.456406407936
778.107020703521,504.389218040903
846.42000070493,501.610483291153
755.694528746455,395.164729875438
708.902576776055,368.317043984686
720.790285388709,375.165909674015
679.652013873245,388.962175106921
681.080129527405,387.406505647308
684.617446362111,384.976884866877
754.34627015432,451.865936144133
811.250329616826,491.838560322261
869.739456830771,521.702715517075
847.065861657398,536.198331986972
836.984152880024,527.728056498856
842.015576523373,513.544625312232
846.435970619024,531.438487249433
846.800179800879,559.081988971126
892.714091061487,555.658427715493
1048.94733335721,618.407037898349
1080.43908185835,640.165937005032
1086.06665968637,637.74064256682
1146.48567914023,644.952147381063
1121.0293414669,652.116248249308
1090.81306682736,647.230940044444
1105.79140288179,630.943560708062
1149.97702779129,659.724290567379
1115.41294344793,645.695292286665
1138.44444913791,649.050750495141
1162.38778250918,656.884427690048
1119.91915273409,637.272647289392
1108.42714614604,629.924121739283
1104.49617964242,636.132186558241
1112.55019526708,630.184662056069
1124.07271908938,631.42862553518
1113.53998308312,625.468435601223
1110.20414371839,627.678205139565
1164.34092636817,658.197143495239
1109.08716291935,643.895227445214
1098.89582375103,629.371729887075
958.204041696206,531.893516198943
730.753915468162,417.529820466456
717.07195771328,394.455165180958
737.05427101943,400.561814233538
732.034342332412,404.519955524799
732.653560482184,390.924018996629
720.645322576815,389.927725186536
693.068591616205,379.12874681227
733.42219525714,383.764619242208
676.489151434487,380.925701038856
675.024249549897,381.253903401692
721.633062061763,403.934312332525
751.765262796383,405.956414242948
778.573771009337,424.523160634825
861.528088454415,467.56474228585
788.298992731297,461.088131545132
802.973693992954,449.080440747049
814.712968362013,467.277322605432
806.710905528606,474.51603395695
795.168604798509,483.342658260048
775.408719994446,490.741954177296
831.955256539947,551.948487277473
830.81678114061,489.047966642704
876.835604027596,457.145592519725
882.894517515636,474.715619172549
871.294218116563,478.36353354202
864.806871478014,428.467644211433
909.871253739713,428.282221146438
903.115051787506,407.389292639032
919.9447859488,430.281282524217
870.450429564245,429.915936257673
895.566380138674,472.617735723679
866.500322139072,468.305486284
880.310930666468,469.122758322331
899.821174023725,476.921538878724
894.843121870098,477.235204368992
891.031112239824,475.034823096239
875.999462079712,472.302427898278
883.07681602931,495.3305003854
879.316063693801,487.377051193746
858.741372819049,471.008412415624
884.355923845431,488.172877115361
883.903018562246,499.605915776237
889.96648120418,498.53020864013
934.13417465392,575.621650058658
929.331155760061,586.892741788881
951.541773849791,607.218293842319
925.787849380452,596.290985686641
917.65032705417,574.336399817968
880.419493859439,486.081806550335
828.259682800305,444.395105523542
844.769855365078,463.987833648316
828.202042410563,450.055831125824
890.499591550515,453.610940125298
940.06762250316,456.633804953542
944.328729253778,442.884222973017
946.684083711049,443.412802406675
946.890718696177,443.746180099543
911.106463172871,432.28757800203
898.390978583504,434.297845108489
901.792648520565,440.340692171254
963.427801185867,468.050535262154
886.904087109412,433.307461727934
930.662407234345,441.982762993325
1006.363002295,461.208141037256
991.212024103173,461.280069478927
970.173362409788,432.927361787005
973.498420436636,443.047437819308
1011.79350727725,448.035452658493
1028.69084985654,462.597807075102
978.512336403498,443.220911686255
1012.73276497356,457.730999487027
984.869773920628,449.146021682699
990.947266505117,457.708181143564
994.771265921607,454.103736414726
992.256541639167,460.640272238721
1022.54046245388,497.393353266533
1006.36954917302,498.229068644104
1012.06213317887,501.520128814551
1019.88798091752,501.00022114561
1012.85786704242,492.227093618427
1003.46976779175,491.654692923016
961.638094193271,480.703318486239
928.284052014661,482.91527022416
930.088766051275,485.75303744921
936.012669137636,494.234826537255
975.788352173606,504.010620142534
967.903358015482,532.31031311781
965.400272314189,553.323315498596
916.503778595635,538.342328970429
939.103520824091,543.94560325234
903.399745542849,501.590869052389
920.157368935807,493.731441926219
936.11837745606,499.719131988195
939.264495064297,509.063000699428
1246.50545441053,712.031603775437
1233.37936788091,733.585471745994
1276.59601159092,735.833382408164
1301.67460002259,736.765984256102
1313.33426949628,738.405635601157
1363.2366820526,750.180055166329
1376.13702962403,765.095583335261
1389.5746373297,761.972771609735
1390.44296441429,755.099848833913
1341.56779447068,734.936321727826
1391.57671078575,759.254428535432
1405.07690788361,762.473460230809
1388.27482634472,752.31974097226
1391.50270003949,749.332793936954
1336.60636985914,723.522098944685
958.847289638866,492.206424983491
921.026514462065,470.896761377636
941.407542343102,467.110112670078
989.008412594263,471.511125092493
969.553538875945,464.743142006874
990.398655100359,472.33173955315
996.165147542384,485.906468079186
989.027819420694,475.827447085338
1014.32274402903,473.313624667337
970.251835099256,471.886056948211
1020.60103871546,485.424157289833
1005.04381948705,482.417536828127
1022.03401928126,479.334004960703
1039.04358840154,480.105818529088
1042.60508543704,468.936111922386
1036.03625666426,468.67563867023
975.068863243569,453.972667647701
996.638682854242,463.417245926322
1031.3667806463,466.627474574761
997.081730750247,453.488199137739
1016.66280484868,450.938252271426
1019.79789299121,451.165650299855
1018.58912178709,450.514549585545
990.683991664999,432.708824489946
972.928885510796,418.081507674741
1006.11274140408,438.025492925874
985.495367283727,436.060655682246
999.236727776016,440.563765696095
991.973613673437,437.008201120994
985.814416092045,431.52479032324
977.58505072934,422.0960515667
917.577420541094,423.5867205154
936.773425288223,429.275788186331
988.294622969926,856.324898940458
980.136281501863,841.677528177099
979.686370902702,838.798167318999
964.266546849067,838.820489928232
913.736422494463,841.932013889303
919.143034257323,831.536413086046
901.297240600622,807.662741404579
786.337042617984,549.163620880043
814.006610406163,505.232764525388
764.782731549436,510.752677305583
746.824183594396,516.396289790094
748.119711482816,534.547534885028
726.641104657362,558.491563355919
715.35629292527,596.612629253865
720.972411165972,619.124668946938
731.326853113676,640.321298156529
800.473228286839,729.347056640448
885.676942631573,1011.46733653356
981.187809688699,837.219163365933
830.010361512578,977.87793459112
854.049697630928,1013.21236790984
835.333576884063,1011.45715979528
719.382648052229,962.863970577154
646.063448410401,926.403175882102
630.701409382994,848.09211517454
635.686847194334,752.994123402569
629.800698549559,723.685682526822
610.388633651176,711.191702229217
527.727563665121,688.150859097279
488.588440296958,648.701526526747
404.351345715589,639.541725545898
332.32554514271,590.214754329357
345.084704177742,591.29243109765
353.37143161382,585.472625308131
368.694700861696,576.271010336825
274.966859537886,554.826509863619
331.882569261396,613.73703068586
368.36233351413,640.196913495056
346.298296410931,634.153116473943
284.730063693415,615.025506927551
267.975819345685,566.752243286298
211.74488538209,577.844314194007
184.952885305832,580.318475307489
255.454059054728,574.232855431778
264.149339166196,553.35145705351
393.088831216011,562.201170188758
401.392565022046,587.160196778376
397.223530474556,585.853788622589
560.104922863175,555.202242940187
527.217760097794,555.618846767851
526.624232875188,550.177212969812
527.76280003266,548.356629552801
555.998437456649,532.20978731431
594.085979410986,524.549230088462
659.479528495551,539.770310677142
664.490402759478,558.948940679779
739.566709142366,547.8100187833
692.772463541887,542.855741519743
711.995448901216,548.500962236353
787.7571681762,566.851488413483
740.256931012209,615.009930875211
719.351589015433,644.273562101066
726.531079983852,647.638231026775
734.619026116911,655.211820458656
738.466228149774,654.697427472323
741.497916610976,662.671324448693
837.682055765277,643.861872983971
820.045362975493,634.603004886861
813.483099375642,634.327843285053
778.102479293718,635.705307225299
774.770044384604,586.447421196323
791.027976403064,570.549795417374
751.25308472565,574.012841231072
708.837624426077,575.834832292959
755.317718610927,549.542168170915
711.534636679685,558.632186242663
666.429580063361,558.625016730299
738.241317718568,552.708723308194
710.137436502013,561.00395183037
641.853884570926,577.56698871522
572.230044367097,580.212508864905
537.87115207362,582.528126416524
497.795384765033,581.821693766491
503.188615665673,589.216415362956
563.02450011117,592.34166556879
558.618928570024,579.865411486433
564.566947209388,593.013393129946
606.332621650288,574.798359937494
585.666830790795,576.662049053311
591.865711833592,541.778333570352
601.680914123193,546.062231688849
590.884877259277,541.198578058092
608.711045757605,523.194243087121
637.280990772289,513.220948185892
666.146338922156,517.144117888221
670.869695105104,516.405320583798
694.101152060104,500.007323478055
702.788797792731,505.397206808129
648.548092094426,530.749268345193
654.302342774417,540.124209658963
712.814533550885,510.418168057845
724.040867229,509.741516753167
735.190680201479,505.251919680306
719.286537335547,514.232967712195
747.193567146819,515.885383486651
753.302802115757,516.593541081499
747.819129030791,514.22559202302
777.329089021037,512.570082178892
779.004464554032,506.490672789436
765.674193482847,521.413030447148
732.102224818728,545.716373822023
729.327259590504,557.911745334702
735.035193899082,533.099129279247
627.74747239139,537.816915029389
617.170998617485,526.211553335167
601.331351368502,533.722639561614
603.44301043101,511.871532589557
628.764921240053,526.678688622835
625.937413837969,559.495637985877
687.723299352121,539.197712561739
702.635922744036,525.814152552424
697.64284462084,527.729238318236
725.608041276339,512.836078301321
753.033747542417,616.844873141692
763.88309437816,549.306209815195
756.729944700075,526.250460325373
721.293795172918,514.353190181417
640.864680933121,505.322787612924
655.993972573384,483.734423152708
677.925073919301,498.329045973514
657.509712563887,487.858591898603
687.380135087234,517.075578106999
805.937969983815,548.195825654013
766.017945372867,552.492454179893
833.949043836626,548.417883926934
856.597139674441,552.713028536059
835.390803469303,549.303903307246
837.258616103182,531.985221797178
848.810343804836,529.270778078549
839.297058546039,533.011368110154
864.472219934326,539.151506838419
878.212845157558,540.402855968307
935.711568933838,526.618614615463
952.587600502264,511.012802552125
970.105000678504,509.132226926051
980.204424149358,511.77219470516
970.36816000807,516.655590784032
996.277916949529,509.1373277976
1037.57525239873,485.2758028219
1075.08452565347,470.622512729062
1077.96152826358,469.578972543006
1088.3451813638,452.286931140718
1092.68564857122,429.5947279545
1064.92903662613,522.473464007999
1112.84588451285,553.719718317804
1118.83569629629,544.737320476992
1120.76870803163,538.89277740127
1086.27680649975,550.838072722309
1050.36630723083,656.16751614986
1116.76358903471,743.157953903566
1054.83394321428,759.758569973059
1103.36796946765,749.533632411169
1099.35724684509,758.077702018485
1049.99627422059,780.778867354507
1110.66374627992,762.37987926729
1074.92218592862,769.024377395742
1085.4835036934,771.800236911258
1122.50008451175,762.409635827926
1134.59489042841,745.92054400542
1165.88664272116,707.690190472694
1184.62322052945,677.118258696199
1185.68055870754,660.568968305021
1166.89142498507,617.515577351883
1178.87469942983,592.581925216991
1166.38642393875,580.871487237498
1201.60301205323,572.179380258508
1199.88992896771,575.488451297246
1084.24010152155,566.565068443193
1097.65168448506,523.358513627941
1078.11912392523,499.605880778026
1029.59039395034,518.630154488657
1020.30839400494,508.273516578414
1016.44667099998,497.275938135903
1006.65781892382,490.032775878675
999.607396602872,479.67521258332
988.844001678254,474.6441637987
954.246533516342,481.041464228521
928.181680722248,482.4231137925
910.618410338167,473.667843812868
912.444435086339,486.75371171349
911.339540907346,495.369986034914
900.402408955491,496.863531778596
884.738009215715,519.965835854033
873.318329573216,530.288602320481
872.156779118121,539.229197126424
882.217494766565,536.427363511893
888.844198630893,530.093925516813
889.689043557569,528.825834724809
877.956432922328,526.78549623163
874.382058294829,523.062482541901
845.323514300163,492.286491342609
820.683252403632,469.676024499707
817.437847974771,454.212740879178
800.292838913071,447.377222884216
793.137116429971,448.84548926682
790.619779372885,435.808306471644
794.761604491066,424.189210090418
797.098365211762,415.208190511925
796.265753699733,426.999048546698
793.805596955244,421.697282587009
791.710037480831,422.45370344153
787.169445436184,413.836991964392
788.289644418246,412.522418198685
786.673067968068,420.874135149447
844.763571010016,576.966225499472
735.68132910173,590.761430029362
732.982272746181,562.728194755863
728.586411640765,525.776698714073
729.171058028508,524.712272823712
748.352907282707,550.264536345829
797.140078898844,552.961840396111
870.247885167759,563.177136285377
962.385035236393,574.297830688412
942.470231611949,570.971382124155
979.444801045608,567.094102633093
987.462926929767,555.397095424432
995.530303258887,549.187479556023
1001.48163690495,559.323188717995
1025.62503845881,560.369188311661
1077.03232612649,554.2118395201
1071.9668818772,542.222218901302
1092.06028978819,554.14705434345
1096.74635387461,543.873255298684
1095.64404323616,551.880019609504
1082.67992797246,540.987279429162
1008.28011790912,539.068784196658
1050.05664347497,540.264088502421
1052.37340185542,535.043718734896
1048.74390907674,538.087974523837
1056.38495863907,542.565099678136
1017.18876150304,514.2866008648
937.619501268194,444.631263614641
863.483364163068,430.996727470587
877.148800190476,429.242296285481
935.27011764801,436.415217309076
918.993929039532,432.536784417436
937.225321586696,441.531739221605
984.752753612476,464.667142918949
1055.24051952802,493.658790738059
1087.85219933406,515.73615407252
986.44327647069,531.566038430677
1035.33125671573,531.004339737951
1036.88985201071,528.639637619816
1115.26260447102,537.928577742729
1188.64066106294,546.010827405634
1245.5724168665,531.838030242332
1250.41752564391,511.82467212065
1203.18472833395,503.085555615731
1237.97014699959,492.711632571671
1231.1602650563,487.747266699703
1225.39017557005,488.313451523739
1224.94609999596,493.685367693951
1209.29889647039,499.436169319288
1287.68543198147,550.008535855321
1318.73063401701,571.837444511819
1312.52828373776,570.756132903609
1353.48726273155,565.522443153702
1334.0985095681,560.684142215429
1335.78551228673,553.245586778711
1368.51013334976,593.699457067314
1412.81891345153,620.214300124675
1415.81620900416,620.239669256657
1367.56739463157,612.512609930636
1394.0777268927,603.512204523093
1388.08763183598,596.255170358824
1366.71947989284,597.765053102272
1370.03253913201,581.79740714499
1352.35398448434,592.507883749036
1323.39651408413,590.502315891442
1284.00768911822,571.719571675148
1102.41613496074,603.252989472258
1086.52381444377,606.928323036773
1151.10027483226,584.448727817889
1129.24520079806,589.475381585259
1137.43113329391,551.104039977798
1086.06257581592,563.554593498672
1087.69177973707,551.981474294388
1118.85119218086,550.003283927636
1138.058949551,529.628410299897
1072.03121419042,555.660964093657
1120.4312872596,527.392740457756
1027.31672904774,438.054672661009
1088.53721008661,435.219072323976
1124.25922989096,454.872971949117
996.404075422694,446.356039052937
989.332530716812,409.408406845903
1090.30479110447,457.498149458175
1096.12546582832,494.756677706954
1081.36721041499,507.575168904183
1083.53517279255,520.546724067571
1018.40304652911,533.531610531142
920.43367564142,533.102940717465
913.97197679102,518.971275131761
905.066588999337,512.609974587425
899.114408669903,500.820939428729
889.305598558088,492.710311755805
880.964555059641,488.118575353415
881.810068030215,484.17967152219
885.060979423826,480.50201975481
1032.08034671471,627.112902485962
949.200577057327,538.315304567452
939.305123018486,521.969113760995
945.172611505133,514.886019619935
948.417547951671,515.432310459021
952.739560568742,513.00435953044
964.362914209731,529.579576849514
1005.08833094739,577.506172719535
1108.71999398587,550.944781380519
1068.65042823587,564.375079215817
1062.04007446607,570.492570124822
1075.43083130359,573.775558638127
1127.4248766633,556.9569163353
1145.70648467856,536.195456992264
1127.14701837138,532.484902607346
1165.02459634036,489.999518461135
1165.50679512128,496.705281232007
1123.80900804348,500.900849021619
1080.8645601219,499.024729280969
1076.35635600114,502.773949020822
1074.96104387567,500.94193698631
1076.8252663193,492.047465928093
1079.41358359546,489.704527760164
1083.70344600875,484.894040921348
1096.38110448175,484.760356235165
1109.42873318465,495.706142059398
1122.70513468622,519.38141589301
1123.64655960575,518.270337193235
1127.02176820492,519.361015954663
1129.36465308093,520.198297065707
1128.50018896796,525.140376210335
1130.76437315206,532.257676652137
1189.97962449043,509.632518739528
