337.095348129674,204.314927459884
571.215558143593,415.110295149524
558.085463120804,106.247022332253
593.542516670234,92.2928510922087
609.149837153039,51.6186894201421
626.338295447469,61.2846356404855
602.479913244513,59.4925973398555
586.452298104185,41.7194208280548
602.452933177406,29.5899116519264
715.577592612781,-34.524160179844
825.408838736796,-104.039773089684
845.563563339261,-144.898465821774
856.89113610178,-151.629229893762
850.859209567173,-143.178629029595
734.837124064464,134.834682907233
937.947152874407,-195.45402019693
915.157855971864,-142.635412804846
873.983479821677,-98.311762611931
524.641997511738,-32.6245889206192
61.9676829292147,17.177971251139
21.1287529362395,21.5301481852014
61.183667572391,67.6768061858443
85.8641990554626,112.806831246116
123.374153854857,113.121818374476
103.454968663172,128.67741298182
65.1486568656062,51.0885717706978
8.90193656832387,-71.6015506215787
-1.80041725829235,-88.0155626907905
-2.25038405110308,-108.611079381851
-2.37484593979701,-97.4628699013558
-4.71929954658049,-90.2229668515209
-12.0706145759979,-79.8098236195387
-8.68235529041426,-41.6357914671999
6.12408554856721,10.3809732019646
-6.79903320654634,15.0692837110741
-10.5663038400058,3.31813769206886
-11.545974115737,-8.77835917778195
-8.27836327451895,-8.28539152534626
-2.76278907063431,-3.87146675182433
-7.19123742099609,-16.0434774385508
-11.6916797036136,-19.2771829969822
-11.8844619496019,-19.6427112142755
-9.696711356008,-19.7327926120146
-12.7965971468447,-25.5254318089809
-15.1664844188432,-27.9156875347966
-28.5948433175413,-26.107165638454
-31.6567772873135,-13.8012166816738
-25.1528313019826,-11.4536678031865
-22.3748006116272,-6.08917403757455
-24.0644139495506,-0.494733660640858
-28.0678907384278,2.47781946153883
-18.316978460146,-1.72654382076542
-13.0901498654194,1.27574794444386
-13.8919866032087,9.82311086552049
-30.6515763532608,-2.44111358786496
-29.9685984461547,5.97848489151178
-32.5341951030465,10.4894334217355
-34.9912205931377,8.60292203885275
-28.7132620471434,10.9551186261747
-45.8132516132031,79.1209377640351
-33.6760074381,258.588619117069
-162.429247181404,962.103828773621
-200.23946030178,1075.67102297643
-223.696562255275,1041.61459873318
-202.031408059592,1011.86467746621
-164.859912629486,1020.21222487109
-144.504531030212,1037.73985243238
-146.678826535665,1040.34022116265
-156.439493140099,1057.60969492626
-131.863258564295,1084.55271826555
-149.458784936722,1098.06867475411
-160.459314512612,1147.21445614586
-165.67054628623,1172.9231821137
-175.502567903821,1174.48455692947
-121.812244122651,1193.81383247943
-173.322525388766,1172.43542463911
-134.12398305929,1144.33012985781
-78.7428895983431,1121.83980520478
-15.2316113939998,1104.64699005283
-40.8849606759858,1069.73147423405
-21.2799864667461,1068.91624834773
-68.0354298713882,1052.78329857453
-78.7620589921756,1027.95924503823
-55.6604917060865,1040.10756712667
-21.6862596462496,1079.71236190542
-40.5984810808198,1070.166313759
144.763909561467,1505.19551582393
28.4812474782201,1323.35708288218
-19.3497187899316,1160.14930438421
-1.29556459789959,1099.2368161371
-40.1490348312702,1063.00983794095
-18.9886872472355,1074.55833606914
-79.0000386496513,1050.54767109409
-64.4493136633649,1057.71064294899
-35.9260979970532,1074.04392352835
-52.2691903555712,1067.65844457955
-58.538559352281,1049.64184171248
-49.6894614317442,1042.42988650164
-8.97604728432453,1073.47755763449
-40.9183126395355,1066.00854751174
-48.8442409594209,1059.59428275952
-17.608471424188,1071.68308451627
32.3884880729977,1085.2652652681
8.58342604204913,1068.99102245853
131.120278093732,1050.00626626662
1473.4361401344,920.498370276429
1914.89763988144,1009.94393438548
1912.42493854671,1008.62007959404
1964.84908825738,1040.33124288175
1961.85205451766,1041.45513726993
1947.93147110883,1040.78804723458
1950.19839996253,1039.71130156404
1949.87964687323,1042.97106658564
1951.79053788293,1049.03432513913
1955.45224508183,1042.92652009364
1961.5146347462,1037.24223543873
1970.56035578418,1033.57075968418
1979.17604461567,1030.82378274206
1936.25293294532,1036.84197795155
1908.34506165436,1085.86137133454
1900.79910492673,1096.14710522573
1900.50340250284,1100.62990933157
1910.94456395855,1114.43913515968
1883.26627299886,1130.77308016054
1873.3198766299,1135.12079047497
2188.95994192525,1176.71364132586
1893.94347264798,1043.89003245029
1920.70860660148,1024.77870704417
1923.24614474309,1029.7912355546
1914.3716023226,1015.36413839094
1913.0891914927,1010.44061420436
1919.7221723628,1007.98693245346
1928.51853067674,1011.10860829207
1941.40475037455,1011.57891629417
1929.31091984222,1006.16208343185
1927.06389923164,1006.307929299
1922.11701660533,1007.68206922764
1917.01739343918,1008.64199713528
1929.71259851732,1007.08833681262
1913.81527940286,1005.48061792837
1910.03881259453,1006.47862370968
1923.33723566217,1008.22616187481
1920.39718945071,1007.2174113126
1917.61542859859,1003.19922302127
1918.94806270319,1003.05536158713
1919.58303846431,1002.83624728734
1915.71659153868,1000.75700426366
1917.09838619347,1000.78631379287
1946.16393621081,999.773502695242
1930.9916242677,1003.41152469764
1913.30268676308,1002.93764914065
1912.84965375732,1009.54279402741
1913.41758409608,1017.08213154092
1920.57717217698,1012.88058207466
1927.80013865395,1006.53323605853
1923.4996778874,999.893797176313
1874.71164960974,1003.37331813322
1865.65635961722,1003.66022589354
1862.15355559912,914.345698789186
1894.17839414226,140.437033943046
1906.11492453341,-20.2087646667216
1904.67129101934,-22.7765222754133
1907.38274845266,-22.3440464859466
1916.91388623627,-38.7860532023387
1919.55135478635,-86.8780101166681
1920.33457309375,-109.646988764562
1925.84000028245,-116.546482247713
1919.94783917861,-98.4783941387236
1919.65483293113,-83.6997726723144
1920.07929896592,-82.4229121068476
1893.51258577559,-87.2593931670989
1895.79703542604,-79.3455128229181
1909.29846266466,-80.151864858174
1923.95183442467,-97.4638411400541
1929.21370971039,-106.282656374381
1937.14149926039,-113.394211392781
1970.74581511124,-132.669323945746
1971.83784050081,-132.232118100366
1950.14257770651,-113.923835543048
1939.16230689971,-110.412477091556
1943.48295357954,-128.211392067504
1949.36871845233,-139.943750891903
1953.35736887135,-136.111036773132
1958.68777903302,-130.852500261848
1949.94523171842,-121.720406354965
1947.5222193523,-118.505371097185
1954.93374095594,-123.320561578915
1955.89721213103,-124.030059187215
1956.13344138313,-118.509009083396
1961.33596638528,38.3266354164202
1896.74246312682,-23.083281507286
1906.48420971545,-26.8027018155617
1895.50025890348,-33.8108146676352
1900.13137591165,-48.5231278389704
1906.96285062026,-73.7508382942614
1905.19507744558,-75.4843353707937
1898.62016600806,-84.0761246200551
1906.38871681332,-89.6581280748466
1904.96750013541,-81.9255251517934
1891.29270622113,-70.949453575669
1886.8691323752,-66.2844851655528
1897.13914766,-69.1123128647363
1909.27116859701,-64.3600900118842
1910.875794546,-54.9935330105869
1931.60502271239,-58.7360653533015
1938.4288100338,-68.5249687110931
1937.24320715648,-89.9351811187881
1931.54713763109,-97.8382286983183
1941.95451034848,-87.9431209985346
1950.214980241,-82.7940983175045
1952.54552765906,-88.2573136798025
1941.50534656418,-84.3330848404847
1954.67894361643,-83.3470126263318
1953.92970149509,-83.5612532023544
1934.96479566443,-82.3289266674748
1930.32741418734,-79.1834672730811
1941.91130945822,-73.0256875865113
1949.37345432416,-83.5437913348964
1947.83996799692,-84.3357691775811
1947.75702409793,-83.5999726980087
1933.59903118817,-79.3501313976427
1928.92645000981,-88.403910643378
1917.61181486636,-91.1930115978399
1930.36496751685,-81.9022749557816
1920.15200063789,-65.9745246966151
1924.1669291188,-57.4203644855061
1934.83063059905,-66.5341483550062
1928.06079065569,-61.9364719904823
1931.45066455134,-56.3990020651003
1925.65778136924,-59.3545770300562
1937.65346581989,-63.1793273915789
1942.22604621438,-66.0556262438193
1949.28731313999,-80.0298532111103
1937.67414080037,-83.3869441234035
1935.19593500939,-83.3047311325218
1928.16193405384,-73.8265494592008
1925.83815119461,-68.4646233628955
1917.69499358483,-58.2356435823909
1922.90456573786,-50.4512119719056
1920.67233201067,-33.4416328511132
1913.97863046751,-37.5776850941744
1903.36706414186,-38.5363360524179
1905.1618807434,-46.7951597273699
1919.24185284865,-57.7983286743658
1933.28018814593,-66.6486899101225
1930.94801564611,-63.1758468488125
1926.18768899846,-72.9388698003704
1923.68339727561,-75.2378747316744
1926.48208145334,-78.5432135549724
1934.33618620488,-94.8243222931292
1933.64757641276,-68.2496050657348
1766.95353031693,70.3866844107742
1325.7135707821,577.696930937227
1199.65187193815,780.107971523993
1122.45596056138,929.593777965243
1056.29109621171,1113.7743688096
1057.16715649592,1116.64747417648
1007.4488040344,1103.44003309621
995.065379323122,1112.67729403368
995.398330758412,1107.66925109455
977.415529845616,1018.55339850007
917.165855661419,471.840316949096
856.305031906053,-44.7201237053497
857.995043636205,-49.7809434836162
853.411551074942,-49.7949407755496
855.78985974747,-56.5440481664267
854.490049471574,-61.3690316175613
861.367507421999,-140.976811360778
848.828562262998,-144.018766510491
837.277202590605,-140.888716427164
840.817250613382,-136.026819259762
827.795861065259,-144.901600595204
816.778654550921,-151.918089882782
830.807377001688,-147.289400404895
773.056472027076,-138.933300760794
339.480052291277,-72.2835233148387
294.74191246161,-75.0875132223432
237.531679981967,-78.4620598996478
229.753302436529,-77.1026349186989
257.296341080648,-20.5606877511159
258.104222289527,-7.870918906918
270.230704541135,16.0563539321695
278.330853863283,16.1301863642177
264.50359911896,17.2839698117766
271.612399787273,99.5416948910573
272.775936593564,149.772650874447
297.875335615988,281.447609820526
279.156205425867,274.750990718872
260.001369693076,274.82271923956
263.226711806277,286.488925100479
255.096998235265,279.497955372866
248.782077881862,277.194255716419
237.359410767826,266.722659830151
227.898051688616,263.389074020822
215.270813565853,224.737612363117
65.4250564712495,207.410396399221
137.347003157479,154.729583666443
121.55314538371,153.075507676134
130.708167057534,128.330902197189
154.30468005813,130.435971782803
165.480854776079,136.757521165089
162.237792784717,142.951918190401
155.701782133978,183.677494753622
179.343896439469,201.945279682383
203.511779731525,207.137551090405
223.021845479111,241.443458444252
218.811309707529,264.923149277027
240.777587269511,262.694276679093
241.993874936164,263.052742295229
210.839504754985,239.310643195554
129.152117090087,190.17096702509
108.306150676327,169.31573639368
10.1248620262664,90.4089946035389
3.96911007449431,96.9589728793205
31.8783117383459,106.563251835137
26.5090688018521,102.773549862056
25.0098997767645,93.2906054513065
25.839696256767,96.5497087271199
21.3537443017052,92.6080156296777
12.1103934858212,70.6209070440722
6.89342650403101,56.9802952054686
7.23193159292205,60.2796382992339
9.41921759850541,68.5632936795819
2.42214799070826,60.0234208479981
1.13492647887742,57.7069164941954
-7.92483734328674,54.3525937842576
-16.9788546285216,56.9636005619783
-6.8206156701068,68.8987761593815
7.45008916784804,74.9646648992386
6.37465788109886,66.4552426725004
3.29933534670596,94.1887681518413
9.36591990129408,115.381314316014
28.9988245481605,454.054800303434
49.9115273283339,922.691402913594
47.639766131674,950.681828630937
22.5617317126113,962.224945778292
23.0955531248871,963.862461362913
24.0572713863435,966.577033115812
32.874747282889,966.961189012258
54.1043425376884,989.485877626598
58.3932853565734,1006.73193763909
51.0556194928579,1072.78518616708
39.9774589024961,1076.51762733002
38.8307580518034,1077.52221486459
40.8977961499168,1078.04105081431
59.4507059235571,1076.63131024083
50.5094181070007,1058.09014289064
31.5276248231266,1048.33236575346
32.9663349745736,1050.1625898792
32.0710788662945,1052.4221334997
25.9089007119133,1054.45346701067
24.8631806463531,1055.52568309261
36.5390075159997,1053.06138717046
66.976054039576,1049.31501829874
141.037624824053,1039.6988039425
166.027700463908,1036.48182201111
179.679485981694,1030.26823011301
183.26561181568,1026.72894804107
171.315855312843,1027.0652212825
162.011723635729,1035.88064616696
161.822031973021,1040.97028119836
160.215864793535,1045.71327112863
166.820435546395,1046.42784191385
171.398203717186,1047.2469884529
170.507394540884,1048.15248800103
171.250224098065,1048.68326787316
168.426886926136,1051.60899275311
168.865967066667,1049.72946207827
165.440146395019,1045.27268096455
162.635203003745,1046.95058849989
159.431297598762,1051.82047574854
172.805486615184,1051.34151891963
161.172600689349,1051.25261748682
159.795041003808,1051.59850722392
177.271646452584,1058.05238809126
181.348898327556,1058.68500267944
166.945984749178,1056.34154531692
174.00944105403,1051.75137553218
171.461182718341,1050.32551796535
164.918584159433,1048.36715370745
171.653698457584,1047.99787911536
170.968213115279,1049.97167747747
159.84382094093,1046.7839611986
170.97503312443,1049.42813828345
172.388846079383,1049.22006660943
169.725295266744,1048.20003669456
166.283325905006,1041.79419058248
172.356948259376,1042.97017044251
170.746771365768,1042.30452709627
171.297163083959,1040.75421301083
177.177006789633,1043.47795029857
180.049723178206,1043.56995076504
181.423820811183,1041.8795848363
181.534861414198,1039.78347287972
158.261230435395,1230.20851528251
104.47177568268,1218.34328336625
135.779696452252,1189.61203028494
158.445020985164,1182.74738383352
157.858085574558,1181.55027958903
160.934875395253,1151.46218126377
151.51447837301,1094.44916921242
148.275990175742,1047.84561652907
148.699607303927,1053.94753917954
141.492574967754,1052.51856223718
171.483318629469,1051.4898617028
178.065690576098,1052.57439512467
173.647251185002,1051.00355025514
181.622489236534,1047.42049893118
192.579334350345,1041.68370463981
450.165759108067,836.027466998789
885.67256231391,499.615862123245
916.178747540598,498.637398298778
914.315459306288,501.623832976489
844.587780759056,363.416065729498
825.965536874733,270.984953076046
756.77022995928,255.329359109553
557.790027054802,277.064702651828
494.560067226978,261.000486349087
499.278358617953,244.424460899132
256.908773840516,30.6127578070522
235.175296035593,14.0116396991293
234.098837410745,21.846837834653
235.618243294072,27.7421399298276
239.324615273843,7.07966236552258
258.994612188317,35.1032737958258
259.713984371851,29.1816758146238
274.417467946539,31.9738229896815
298.15160161232,33.0549902340385
307.02522489493,40.6359935141138
303.584393000788,36.6041362812227
305.625084325833,36.1798483814764
325.967974140506,42.3559967396536
446.491100420146,240.041903651932
442.407237905645,249.14284235243
442.91718728609,253.539525613382
502.539549385294,264.206999610468
504.56355848815,261.010954886307
496.125527075233,261.592256512419
486.983854345029,232.840811946187
486.068529190939,231.775032534452
337.495389025932,-6.9359336648541
338.651666832724,-1.10071082507849
324.25693142132,-12.5311408651611
317.97145049107,-4.21553115889674
317.16705677564,-8.55003021478417
316.230022718942,-5.64869896641402
358.865074334878,71.9983669651747
449.717914193952,230.399213735665
499.594920075319,315.793835715878
502.132080435046,314.467639695237
500.609669423049,316.244325952903
493.942030335694,303.767103301214
470.296789546096,298.182096880241
458.684161706479,296.286025803415
456.675684384531,294.5004757922
462.836318364445,294.422099138092
459.270486588686,295.853151693623
459.391554035855,297.349755351951
461.967489510764,299.751217666636
461.811805812871,297.879214224673
454.702335204318,299.886236152978
460.389141282097,304.022340497904
487.111178127127,298.654875837128
491.745912625704,304.717676235151
485.189562164543,305.335611907649
580.844036451218,230.047306803555
571.933195177045,253.798569483476
496.776206716757,268.120690601063
267.970889649837,231.573982905879
258.038129202192,204.37745910361
241.878528654061,170.174352251814
228.589668743819,156.214963910391
201.612899932841,83.9853075810336
178.885007935826,81.0815251330867
208.373521986617,65.2147284367526
258.794129113624,41.0603000527357
286.852384024301,46.2283096670105
280.820273577069,38.0170487545356
277.357437161469,38.3351701061457
276.368053832083,38.896292891012
272.739265714574,34.577408570513
260.218465566639,17.1732883734517
257.666132464503,6.24365488397506
257.771519301298,8.08343720139165
255.721719709618,11.9101945618807
252.134782375774,4.42792933974301
229.240685171768,-19.9856077262208
239.100541067028,-24.9968961508336
253.865725318032,-14.7767128577896
468.608583945344,157.424748043026
579.305346674347,258.762600412091
574.736486958869,255.9064279706
573.476163612992,254.273910634002
561.37201692977,261.085229821972
543.665746115521,268.965684630253
527.466755256964,271.541262174786
517.511706135429,277.722411697868
518.44286132346,287.0498357813
519.876821470769,284.165951631218
525.232053825515,283.418901535785
516.863847929236,268.834647923772
538.137217262435,86.6472785904658
522.448566168889,2.99321514357824
524.153661392779,2.96803123881669
524.649742924907,3.92932725761081
521.663405717566,7.81964825967635
539.698165260382,14.0044866345993
492.132166551204,11.5699301320908
453.059481070491,7.38872240374055
347.030228037129,8.8781202916147
312.759210225665,18.6536801994828
320.278961911499,15.2159177275709
324.712299266089,2.06442716282387
199.800743658868,31.9823897365351
147.918965377835,46.5535141922367
125.442869982586,51.7343287728773
117.037991494267,43.2027454444611
95.8516699460302,35.450158951135
86.4113717165752,32.0281686151011
69.3195460032564,3.11823160188216
57.729318835703,-5.95049526837408
98.5076376157462,25.2337086422817
154.648805614432,66.6921344696171
155.76961925391,74.5586029879876
165.288496310285,79.4169217246676
162.46249198709,66.3269401793794
169.269074854479,69.8616113219416
175.641184918012,67.055011167455
338.247880180167,36.8064221785084
366.913841795402,24.8414218077868
375.01267999557,23.2098008163616
358.071884877486,28.338297372008
314.082834846454,20.3362704702241
245.526447260682,2.18135553516532
246.708241586829,2.83919177576744
247.923321860533,-13.8049674077531
253.208657303987,-14.9929641094991
275.535033783432,-8.31992980053703
270.004829372891,-9.6417235195307
272.147856809426,-18.9275317785455
282.037678976083,-22.0170425264396
285.294161752134,-17.1157449861374
293.990853640758,-13.3555039258652
299.317750506793,-16.378825603678
294.681922571817,-9.90812829825742
285.842086425568,0.693060647055002
285.318840350142,5.10341356391813
292.918266869469,3.62860462530545
294.347283865577,5.02521485675334
294.288505741752,3.45253092498745
298.398140132678,17.6646684933703
302.001807666588,27.8240452269996
300.486904841194,23.2832419546646
300.179016472198,22.2161268004186
301.44970379469,20.1351743942058
302.620051981532,12.4613892022679
305.905306549032,1.58296194266508
298.953717491755,4.04963654656948
296.421502080334,3.25464486375973
297.366964570688,-1.62838838758405
303.445685509176,-4.84345367382658
308.104824104785,-5.95398210304784
303.702794229095,12.7172857976855
299.538588849448,8.6021483937076
309.138159567157,19.6177908101252
316.410908908149,28.5420601613681
439.688917733813,163.110534333616
428.996097761902,159.050541738009
475.531401708784,264.639710895384
478.88154541636,273.902636366653
474.58438083409,277.605588747755
468.506239586223,283.770619357751
468.418154119866,285.364873372092
465.793217391385,289.568797287365
466.145300631453,291.505909558327
466.402905330311,285.097439868883
487.828288508011,246.168651833273
506.282103446257,230.710834154476
512.191343130268,223.804401943667
505.972374201269,230.74512934911
504.429997232376,227.311800642639
432.019700548612,250.989479526899
373.722668745206,259.22547416598
377.420521055345,258.13600559782
377.018626826033,263.251055060923
510.019365942024,211.914740899008
763.569311221639,117.027448144477
994.923940851667,37.7966350082155
982.981499089013,37.8576811609238
984.387515927622,43.1827395024681
1011.0475844303,14.552921984121
1029.58307836059,14.6507369035827
1035.77094400528,17.0085232549602
1048.73352181482,2.52891399053447
1050.7519042696,3.02290713174413
1052.48423761365,0.457451962683195
1063.7982603453,-11.3828289945187
1064.42935592506,-13.633280919399
1065.65257528323,-0.585065533688631
1064.51114947065,-9.13237077961041
1059.91892860352,-4.64567445634379
1018.15500320506,65.4569722951247
1069.05256543567,16.7306593349694
1086.43569148109,2.28430061639517
1067.412660143,13.0694341304218
1064.75777279665,14.7198718145434
1067.18081169545,12.5217007400006
1082.81997258255,-4.69844118504258
1068.98893892426,-7.16303242074697
1055.66028690205,-13.26316925427
1050.21897894449,-20.5612061193286
1050.4120859354,-37.5877996513353
1048.34904693948,-73.3722631974641
1049.94789711361,-94.7190437181456
1049.61352462326,-109.146719221979
1041.79884421357,-121.108381668593
1021.50217900709,-154.276739590081
1012.54684917518,-190.730437937861
1017.77035830879,-188.398782337079
1017.51760658399,-176.913648471304
1056.65370844604,-103.681094800198
1054.71896332212,-119.582836062496
1050.98105571623,-115.884608888336
1063.25475623004,-105.648604312855
1051.32322801669,-115.919853442264
1055.66588197087,-93.6332599360488
1067.08669613227,-81.4225199932014
1064.32454011709,-58.1459901612056
1060.3607924588,-27.3644297369057
1058.67001034887,-27.3348901857688
1050.31042984707,-91.0740128938749
1052.21578205636,-93.6761877536434
1048.87099496157,-98.6952016424489
1052.79488552596,-86.8718079902049
1050.39274486412,-43.6361116411254
1056.57428523359,-27.3054189450155
1057.67617123079,-17.6949345869229
1057.19980536822,-37.7479662867071
1048.424199349,-39.7833164121233
1033.80353608941,-4.47965780492166
951.259407646643,191.631675584351
921.031383011178,249.018041391337
898.573811171452,306.205115157364
918.48444767295,322.944450705549
843.8857713229,309.522558323253
545.308903445867,268.571614031407
500.785358806066,276.022403060584
462.518154749469,316.41332892796
921.947898299278,1753.7565355968
961.843993967569,1773.14455767676
888.600057270773,1826.45071061325
895.262464022882,1825.01542574747
950.449245636045,1811.17986007448
943.506473846176,1829.72775593434
939.098686509143,1856.66701236595
955.319620272774,1860.35669091363
877.171418965985,1911.12580867699
857.033209590068,1874.8880056942
885.523248622551,1896.87399983484
884.151562811441,1894.84821310722
1047.6912199705,1905.66374287554
1179.68582195174,1873.24261615882
1218.97940868237,1784.17100530916
1103.87019862018,1844.59508049996
426.669558386862,2024.81517150787
431.959705619,1977.30789819164
523.509594140668,1940.50729678891
563.73288745226,1427.93856947131
687.76737030785,357.520838607434
702.104045627632,323.373505274808
659.039136690047,321.792395995224
669.087916826195,304.677126805526
691.559719105714,323.229348616233
541.11576901403,302.692038903007
461.704827038935,227.570939731157
459.990473802697,221.358854123975
470.939804460263,220.084624727416
447.965049073152,218.936972218166
449.221218644373,226.497919068419
426.312627015165,998.405572776703
413.484158753129,1697.72285210426
412.154978409851,1697.75912137406
396.516371899763,1713.81619021888
394.89176820481,1691.94057579843
414.98757209826,1662.08127669944
429.812630845649,1672.83894740592
480.15166921449,1685.91459618555
709.838901278861,1733.62941506906
1137.67891537274,1845.16206205433
1277.23253811283,1880.42867664839
1379.8420269715,1926.05761743921
1375.25913207983,1932.33127602725
1149.61483037211,2009.90350246168
494.138005205188,2030.88765228194
490.334010594697,2026.02190304644
543.142273915978,2008.39776118625
544.556744975527,2002.50726840853
770.23875448653,1750.68043203041
792.856967674736,1694.47674640802
820.322221104949,1684.78351783347
844.444972233987,1674.98117018883
850.460717875533,1664.93422744649
873.64097129852,1647.51354128331
1302.66384516128,1659.84269050545
1748.47219722409,1692.58218475251
1920.94931475883,1711.02354183399
1974.77537347455,1688.30431610788
1945.02634148928,1703.79899621663
1937.91466413286,1716.43175894578
1901.25880010183,1730.3757392762
1897.65815854014,1677.86653172958
1686.14392342285,1412.83927227824
831.581822279171,580.065569145104
571.280083294861,343.425349292449
556.286823250917,320.986631414152
562.728049771965,317.522896680726
561.320058132377,321.32742301436
556.238744899108,323.884578426194
553.068307170348,312.569473220511
537.103449934416,274.120641573998
534.070424472368,254.57404126764
317.453571221256,63.1491770104714
290.774621188453,36.6629047978427
253.638753411551,23.4739520948296
284.979392361973,56.9844205323865
304.685976814013,64.1652993852022
299.198485214281,67.0145778083557
431.403169491446,208.442086770382
461.392929823132,240.498289580132
474.439173664692,253.789115426475
467.22686274526,259.209496324178
470.790701241981,253.251110081048
482.398810801378,255.023765155391
478.160982883778,251.176603036363
468.167316291012,251.94681170905
465.740206516405,258.606042720308
502.645955562067,366.238081088517
506.896832885768,383.206060988781
520.368719361859,374.765313212181
529.792908318054,378.740031794506
765.903065486954,771.586958922538
860.761584874412,1107.62084202991
934.62092371967,1385.5585320312
1015.79207436916,1691.66687773065
1013.15239068436,1695.63201972371
1020.41733521876,1693.64337323785
1029.17964955591,1704.91804830831
1042.94474136515,1720.7366368075
1043.09186896115,1738.68362970903
989.284035732381,1790.47602495792
955.770074149505,1780.52564102075
961.451664058803,1781.26520417651
962.761425158362,1795.31625230731
954.526813235884,1818.33524470082
1013.80754496221,1826.89636108505
1211.2114011205,1765.17936162849
1262.83289279786,1785.46347921233
1236.50094162702,1783.74965315134
1082.5662922635,1817.15602838394
857.88043287367,1864.36682333023
606.144055517545,1919.34915334938
503.091150977728,1928.10320230277
471.514469550031,1915.06682386371
363.567548246212,1838.58545173589
359.94867225702,1838.34357776475
363.709363037782,1816.64657855561
342.675611195329,1828.88109762986
411.584490485296,1832.04284452503
1201.15640707534,1987.117912049
1082.69573274019,1960.38558792902
1361.78569338932,2014.45308993817
1498.75973132628,1967.84221165998
1508.27896094245,2051.57022219868
1519.84898711521,2112.57444226284
1093.83902040663,2090.00118359037
1062.51598993977,2088.35038600152
711.793569154149,2093.79788826146
520.275881821569,2116.40648885171
431.532182477686,2112.27545223753
454.961448806245,2178.90349148469
447.693654517613,2164.88314223325
576.001295142234,2176.84347300297
288.088848832537,2178.30191154518
240.784234627625,2157.54537996095
152.063912379195,2109.68710029725
68.086934785296,2094.70609055291
22.7515458539206,2098.51473040428
48.2513255523453,2146.04391713288
13.6381678485599,2096.81961208219
109.187478474422,1934.17813714766
319.26585086363,1130.72754290456
382.131299290094,752.927709623915
464.239482809077,291.518851700856
477.217097831719,255.092620429136
491.816651418243,242.057534657638
482.303750830734,225.556806489861
453.245461186857,234.403313491848
510.62099387303,204.727304024152
518.403295273315,198.278271129604
522.510132883862,195.180686140473
532.643171127953,205.803248775295
540.116401529669,191.008922938713
543.639190341277,186.976728531672
531.198908253799,186.631140604866
1821.2627913656,1721.44864121288
1822.02587108474,1699.27533026484
1848.45756775679,1667.48869258271
1832.95138947303,1661.58824380281
1808.01464965898,1692.12501723709
1785.21811764931,1683.81208400373
1774.47047388553,1644.40062119066
892.32860521807,562.76896048428
718.906011100233,375.502710157758
706.451202218666,371.283604828386
698.981307123485,363.809346386314
703.821607394852,357.725136653674
702.797827409215,355.581375495052
677.475037517405,318.421118062096
656.886446154565,273.829531291852
628.251183249553,212.02662815331
630.302684379286,211.12797667406
750.038937945869,144.712579083088
728.495669059837,153.941825455052
759.745127859974,155.569407951191
712.645516702497,157.166145664094
490.44033396222,88.5392841950519
409.879153335415,62.5876748609087
266.558724163684,18.9951557499051
272.236436872337,25.6194806422349
262.083607445892,37.9979127588002
248.361674452075,22.5120983149387
248.383811114055,23.4120612071815
254.734342215596,29.6871165801696
501.937489722537,193.059054260569
583.472880752855,247.644561239436
631.541173541458,270.337452785739
636.118066003037,253.109161727822
633.278950003197,255.960862675876
633.836692711283,241.375671101512
585.715653894636,188.261765241241
510.493644831092,96.029520198105
493.138497014482,52.13416813051
488.087761090312,65.2171021843894
479.582853291892,73.8089595629098
479.627649554829,77.2893155585334
496.294280422126,44.7707957542141
505.095360458179,10.8900812739952
498.143198520233,6.45218179392554
491.02949885049,21.040551473261
484.580932678237,29.7310286414139
608.506874735415,38.6487051883958
632.430333501306,52.1179945663409
683.098228178815,38.9236330643323
668.804858006122,41.1077179724977
669.073781573842,43.2258322009299
645.106414934106,53.0255533480838
625.763099968144,51.3727916247079
603.097800855678,42.2593391794247
530.677952364019,61.9858102417472
517.513087535413,52.016418292889
516.728590142769,39.2337019639068
527.35870238976,17.9178693269349
510.066812606256,24.1491674624579
517.163098620114,31.1674012410898
517.455425607984,29.8799109461988
517.133657502169,28.2189999184955
512.19815136442,34.2964381713758
511.956293929998,38.4342162489007
534.32385992517,43.8790730667163
537.474826262824,42.6298718251965
539.612494814213,38.641422571078
537.738792696715,33.277025576166
536.124965573201,29.65462198648
519.619271111504,51.0580122413768
494.033757522019,82.0374205746426
488.813333572303,87.0655684831415
473.856474269715,99.9494908826422
469.859797316969,100.46599230065
455.873530140669,87.7911459284383
442.441428540078,78.9758838224308
451.85209740648,58.2967909659107
451.648297299777,59.8673987495957
453.695834940404,67.9676554812969
459.112457387387,74.6720991226836
459.775695256688,79.7320798856161
444.836812059917,85.0618803374026
458.685763044396,81.0153353048433
472.45111477113,81.4396476229484
473.964198093521,90.8443965670415
475.191278228275,91.2572500626393
466.320121596388,96.9825500243366
458.499619204078,101.756754393924
478.331937263255,90.1387748940683
479.34861933912,90.2655576781907
483.049684159722,90.3909710981353
495.165431238413,103.124966433824
509.366694786993,106.467410152909
510.386000702865,113.077922428012
507.684497972116,120.177645947559
500.871251787386,120.428038700214
497.700817652958,122.832588775783
500.729111543338,112.087828315677
500.561572277568,114.948200198719
489.566658385761,129.433602887434
437.116336480743,118.814774845573
417.125438844172,112.669222521261
423.859997729799,107.701880271853
413.560365003551,110.864165640309
410.390193801413,122.68016850589
411.573427071522,133.947069181909
414.833573885132,136.133231679838
419.880416358182,135.045478994777
431.125383316997,130.660187669344
433.664969203999,107.848989245285
433.773353530398,116.728743935202
440.232895300779,76.7306444621986
447.883745452314,80.8822778972086
444.598556747584,89.2013722590869
449.093704421593,92.1655477930357
450.846816074999,86.3981452625795
454.10437024606,78.4682788379416
454.541984883968,111.559027906391
455.315111295482,110.055184941514
457.782202279676,119.253936889023
459.407283844332,116.182563302406
471.345377221333,121.223853477835
464.141951142336,97.8639476139463
481.675744151431,100.444894471783
487.071037015998,100.365824436447
519.405933613303,112.389896173881
518.534372742545,113.30757308086
514.603786972436,117.495869623784
509.600001666157,118.807077009104
507.291465209336,121.559685795462
518.49412140731,113.064949825244
516.936263343878,88.9533250483601
501.237098354566,200.566628176734
476.092170584486,209.55114119046
521.974486962332,178.514864665385
490.942940227675,174.303693311411
519.79554733891,184.454008505985
520.674575381785,180.511735807074
518.800553640174,180.957395699854
543.048374255992,169.179424714435
541.294408646823,174.977885182
538.279029756468,188.472772974008
545.017301888157,197.692136630542
500.09686880207,204.010710804031
534.185907493967,206.486791176024
469.132732288816,211.025660879704
486.083965778043,193.178065573612
459.37808432278,185.180916850794
463.867500353961,176.556840304726
437.710684958264,168.277006449373
461.823260536507,163.838197601844
465.325263776956,155.847325437323
481.888946038341,140.128825985518
510.478712617692,176.506150178884
595.424483621202,272.905139930693
676.075398909512,304.512208959431
655.243194641753,340.484692964575
667.148788099874,326.638297261827
719.022375144919,342.311422743088
694.432734522883,346.95822089466
702.192323655487,365.404628580232
741.644580363426,386.503173773787
809.65333260427,385.065767563933
869.718894343732,402.638812755931
879.72246510046,405.09628025929
856.7896654662,404.017968482525
1112.73837497071,487.885864686518
1268.42219381473,548.096224085236
1275.23443941145,556.450340318121
1269.53581771907,550.859871581485
1271.72707776733,557.055460148384
1266.97139216178,564.519502653053
1285.75197399998,576.728605429883
1248.38190769443,556.919700842061
1243.90863427465,553.179455164473
1310.34686830902,70.6169482864067
1275.33152063451,30.8421296478922
1305.59306995525,84.4023155187439
1328.72095961166,97.9170659336853
1312.38976364763,99.2991196602713
1254.04207367276,116.161472658709
1252.30339531722,128.445413800139
1249.7168382118,115.62705813023
1255.71665197517,97.6924513413447
1290.83541628043,70.7860706423401
1281.86032383105,75.2104052317554
1266.49948081662,92.7357664803162
1264.68771668696,93.1312818040104
1260.83795686195,91.8681292762393
1279.04686697618,87.8562239154034
1296.7485462984,100.799947557039
1294.51916764656,102.62117197637
1293.2959083722,99.624072893052
1297.21633619237,100.566684295589
1310.06662864424,100.642347658197
1270.18826650003,101.697203320962
1211.4611269111,106.227439294999
1149.13042643674,106.220091116194
1153.22937620296,88.9492427423456
1157.12125502708,86.2267117373083
1160.65038497821,90.7860229128958
1170.02406906705,97.0318767053472
1177.40489218809,104.949900657372
1159.6313114017,102.121423427807
1141.92059010066,94.0807267266134
1138.65084460917,96.0220944380682
1166.6268352505,88.8443238784359
1145.52759192386,83.0559739425438
1111.63551346239,81.765859619164
1131.49176318758,77.7312344595213
1094.31329823935,86.5268217491129
1113.41113028731,77.9501387938078
1092.34146099107,86.7949865654225
1096.02889207068,88.9269367871697
1122.87164032785,93.5498469818933
1234.48557117636,95.5614454473175
1261.23232190532,85.5050511537127
1250.04448868904,83.9725742535548
1253.42444282929,81.434515874301
1246.2758549306,82.0297242508757
1250.57314915703,83.4641568067839
1220.55450980378,97.5137574089292
1284.01777561941,91.9710150159363
1279.32942609165,92.0353231310673
1267.53505028051,96.6463399801077
1267.34901436627,100.407757508483
1252.31885168485,111.590572130792
1142.50103238422,83.3557444251571
923.126538265765,101.359696172403
919.57606520756,94.1721599570157
942.717047626513,86.0095736676054
930.916703383224,84.0498406858606
933.73823914172,73.4754984878116
904.982342607331,75.6753828809014
840.783796160722,89.3754582785471
814.607351500925,89.2383647825443
768.564669462211,93.7150326087877
789.566154198649,76.459022217818
731.890863155191,77.4124358921738
675.211857355244,87.7622742203184
610.211521152235,97.1313974366846
614.075161878147,98.6534734154198
617.057093294706,101.369018187954
630.931646241587,105.75281926142
634.683883160144,110.809143922728
634.973778981966,113.221181353127
635.460449666489,118.420605546466
635.981385729359,113.815027826307
638.904933939556,105.974887411509
649.675021292023,102.622628380022
633.990141654136,128.37107372738
633.585461168577,134.57780123799
622.096043085067,137.390704086975
593.417088539369,134.038834187934
574.324670392003,136.56568896272
569.34829555313,139.499568728902
565.53924687996,133.405849270841
566.55986167771,132.40767102217
571.000737749195,129.284199914862
578.787683313446,127.055993286663
570.260823382946,137.393006793018
565.611771803284,145.781322064274
563.970745844892,144.366835469625
573.905117320138,137.432331240645
589.652372006645,134.491405270482
593.049579971392,134.086410163845
595.380967758488,140.020182279215
593.832957019936,139.680170313135
590.487117019252,141.863384435332
592.421713370846,144.502530644435
598.370265403615,143.969540405459
600.950859592657,143.605258787277
611.929218699546,129.317324521283
596.642091099713,130.99648240823
595.788926536531,143.739081315725
592.675197202405,138.675068637505
595.237714119302,139.477746375808
596.31484949871,135.41152753238
593.524089241345,140.002548595649
592.149269373436,143.270948617388
598.846609851947,138.772135680604
600.311596806683,138.292540660576
598.774597882028,148.24606759479
616.089546950567,143.717903582606
612.563723735863,131.398748995271
609.368297842371,138.223559255173
609.165235389915,142.458608900156
598.786011144896,157.354450110561
595.829283575285,151.678370111027
594.558387205113,152.384004329526
596.246552621546,148.771311014944
595.846451971113,149.635740571903
596.982145999289,149.393239228026
606.548885189883,140.860506687357
607.364077663466,142.801827439439
697.535585947391,462.892837378488
724.258240741777,555.219004183039
703.733837248491,664.796747815361
747.368393081624,664.986790957001
691.871671242533,654.854124298091
580.47287804529,615.029895690911
483.248192686859,591.311253447366
487.885443850549,589.017715026414
482.807088640102,594.611333753083
475.300884212246,607.915456994867
468.640809106185,609.908399255105
469.692710092497,608.899264690502
465.492065608967,610.238351277756
444.822558569908,613.65879515284
488.64116918131,603.078999101335
1381.53034296592,289.814301287468
1444.72847403866,267.03751448112
1829.44568432616,122.887989237833
1831.85968322744,124.658330616115
1816.9805124867,132.71798386532
1826.15234331363,141.010993883391
1829.28999062486,142.534743125413
1865.85620566097,141.124343019033
1871.83591542531,146.532323811201
1873.28709853616,173.633199092559
1857.001357272,195.450595274711
1854.50074229617,200.732707965198
1821.11820712327,251.493509817449
1817.85576824875,260.89327019749
1832.63345065571,232.986480471575
1834.20784420541,229.168007877972
1834.1863509556,227.711523693816
1816.63387567631,238.142172334707
1820.52903712101,228.736164550115
1820.91354397544,228.331860095504
1828.29060411235,227.528698835834
1865.66876030119,223.112568527573
1846.92084963984,228.535065059845
1844.44777733561,244.348092373901
1847.87558736331,240.256369785513
1838.04833550078,231.597252937766
1831.34710729482,231.224320475497
1832.06960708372,227.991751162729
1826.02274664785,237.999252604548
1825.26092343934,240.793574213534
1829.71235933344,240.342186664703
1829.48709919146,239.9366559981
1828.77518467254,240.289073152211
489.380234372332,615.990520107648
471.416832188646,598.010314672614
493.544270392991,576.178685780424
485.724835764256,575.85289720502
496.038784641686,561.49023460237
497.914218552052,551.327745853809
520.703576454492,552.239058223724
550.233547101992,559.656639865135
553.052192483745,554.676615029742
554.111077842685,554.622438146712
478.935127570207,532.420470486618
502.813086889559,508.985270838828
512.683927811134,480.61519852754
511.245441247117,466.221225311401
513.19429322106,467.454088194225
535.72423908924,488.569581818535
535.632022254864,500.621041534646
542.269662321513,523.829107617991
538.808920255222,589.238490729158
511.232819836895,656.942417075344
498.131286356241,741.718519802608
465.980741270105,756.371580696445
437.480972407823,741.797140269555
565.648136694336,743.568464374544
428.291303582571,756.022076331084
439.49610302831,749.74432685662
443.446070179294,749.850061122674
492.453948702908,752.568285209955
513.856587008885,754.785877381938
476.969775628054,750.20746263953
480.860817241567,750.067681703149
489.805146780242,747.960555062025
443.995013916737,715.71709063296
376.161576497158,728.04658412647
413.690267231266,724.13325174563
439.113103082859,723.319324685209
430.99042084442,721.722426525189
438.43420205571,715.963921460046
427.277479505212,710.28444572002
403.797989472943,713.354605384734
412.629594862977,718.803720890515
446.735152551124,737.248894003007
462.32388904324,749.087413075778
510.540288518817,784.784179061146
516.901608012086,806.558629801087
553.603379490734,828.251912973419
593.466529503137,843.107277720627
638.516106250788,854.784714647979
395.593760873672,921.357490329599
587.720621413749,910.225864772942
651.501256331775,904.564657860992
673.137400930873,901.860909757471
683.898157535421,900.780882981399
664.397197841293,891.904904982535
683.892702948165,805.610884300934
577.252547574651,807.812688531601
654.655666212248,819.82120618651
673.037017027116,825.665473699111
793.776972559942,848.584409616786
844.672720589355,868.240181099164
746.268932947867,861.177755861705
763.259366818403,858.908211167856
769.53896876805,856.32401394891
759.18994483292,798.461909396942
726.903852150056,771.147597307605
690.845438908158,747.391089379882
687.515432439112,742.992473519888
686.420737521343,743.962170083793
687.016686134501,744.225921644894
681.565361892175,730.409176922941
690.388617248006,724.152162056425
689.748163957934,721.720727684967
682.694818249896,715.560249113858
682.954161732392,719.637061903592
714.520528509167,641.672537851386
661.282299760465,581.699473538075
641.241749406698,581.51389289085
630.825005142835,579.779435469799
629.927737145307,573.780451665061
646.445770297099,557.049194591291
524.806491151115,693.068069432046
513.88972773357,705.255688347491
523.862414168226,738.191909799197
537.667085195003,739.569391895851
518.421284606039,742.855549483727
489.001656533961,747.054797377021
543.951140011352,730.034445985279
536.988241710259,721.494468607157
522.696099099069,736.381729414107
514.041770453656,744.682498916675
508.065903776339,745.640411380575
555.078589267012,701.851845505485
535.88756800716,718.388618519084
545.926466146563,713.900272374415
617.692115994681,712.47723022042
603.15728559558,727.062166806384
613.961402778438,719.854633872021
634.60273305391,721.124173933996
636.785764192425,708.294768868677
648.955844100323,716.147503614166
679.19471282865,732.294145054616
695.347511399317,741.695235080361
711.479657644581,740.218044701465
733.769556850332,731.379395012995
744.680752445574,723.306363381343
744.43006543916,722.703067900384
744.353212381861,724.529603777715
743.365993776985,740.07450472816
732.024706390265,744.372104199626
732.491633426348,747.440977563615
745.908592716184,724.358430449616
795.351347974128,730.413846782349
796.120503244277,726.525109057728
800.256656942474,728.260346467497
785.748844395539,742.238073217549
774.136960910582,744.102851464344
766.737385485172,736.493246763753
767.344360558662,731.289933515874
784.321273071093,739.271598827351
790.35177873514,744.222645703048
793.697819129126,742.793607710232
785.321928885984,737.22522525253
772.831919032265,719.510308032475
775.032067978753,716.023737828228
779.754073273815,709.518655421537
777.076756901586,713.26713467665
779.086975586716,718.804065457507
786.289781921624,712.030667206036
791.932956049261,705.791492939805
785.641450322999,706.291325528396
775.141986818497,709.92733842442
758.7850880935,729.141642052853
753.244276001557,720.923986566254
771.856005920229,733.127748247273
805.067277261163,696.402265841723
777.416298409474,716.448869251071
751.092731098036,721.367490598489
718.173542884241,725.425093695835
730.231517766611,723.663780722795
816.519245367367,723.560471205144
981.506710443326,706.15018269886
1207.95569927643,682.381117605629
1234.16919042118,682.412670539192
1246.9294203344,693.582817919411
1229.18582405179,696.139444363958
1240.20002434454,693.522710028397
1264.71104686151,684.752789836616
1274.63135922208,683.996449566261
1272.75609133581,688.901403070305
1276.01002435223,686.779306567562
1283.65404428936,680.195233688567
1292.17786519614,678.075752712441
1197.00642686712,519.763840189896
1173.06639019617,476.060338943708
1158.3800447683,419.877901128635
1158.75297731443,419.348531448056
1148.4255429974,418.215505690203
1171.86474607917,419.963523186038
1205.24619748924,427.557843843091
1240.93033549764,410.705057789441
1250.50740345335,409.225377337282
1262.33804214394,396.91040448361
463.328324995517,794.826622912081
480.519524983278,804.717911203556
481.555152865498,805.126293463524
470.172420087083,805.370416969923
452.488553225042,804.935440655659
433.012865939203,810.530422800157
411.492261014374,813.437054776368
403.428317757384,847.215382217706
424.073797538041,866.756439175298
443.217222703963,855.199360467307
445.053544389875,858.173052996481
456.576991979918,866.297189154576
448.886356948468,866.940917309321
432.817581255973,872.586427299156
439.23746123741,876.188247650727
469.268413103074,875.477040533632
487.938701420683,878.190625681746
504.733371514486,880.971352502672
504.233843679071,877.888913788212
476.875387030188,862.17657443062
471.075507665738,738.275861692943
471.853140676717,674.625012804274
473.935817172956,652.941777912567
469.361208731701,651.689211973748
466.9838345706,644.002378414813
451.107521415217,647.448209626565
458.242610634582,651.645333173142
483.184319705862,653.193973911179
470.457317812687,655.499609359477
469.271468325503,646.755915400759
456.223732902427,645.511161283662
454.399697115017,643.606990853942
444.16694299708,651.596978002897
1055.54226685583,529.123711223026
1427.62325806215,457.745250874385
1556.68015747108,438.021294130492
1535.64062912314,408.134871776089
1521.93212580683,413.40483196823
1530.21275696756,413.606299950381
1641.48618425688,393.997256711064
1743.66800078942,369.128319268374
1814.63697574394,339.631519242808
1855.14408646903,306.344994648065
1866.07127387154,331.33756681273
1871.33073413964,341.572372628198
1871.75339334304,342.349038565173
1835.14324935399,329.48928235164
1788.26003686229,337.593219447391
1463.47144894134,342.848440656399
1399.91655735505,345.781081510938
1279.68243447831,353.618391866936
1268.92441494695,355.259811380242
1267.13068305872,342.538084939205
1265.91511669529,347.864359353458
1258.27916651368,350.369646118839
1260.59258265217,351.442244814542
1261.90365301563,350.531029344178
1265.50425907741,345.938244516061
1270.2111021496,344.025394594433
1272.02985111742,345.924273598248
1272.68843468035,346.10757476421
1291.21786133549,352.55233783171
1810.5438633298,292.812509766594
1912.13595607572,282.336535518721
1972.65721713572,268.506147358968
2023.07772048093,244.471241196582
2018.81321179171,243.80468498506
1973.20301436906,256.523586053845
1949.53302146392,286.600764718953
1921.08774123874,304.245029648145
1860.50410335497,330.615363988724
1898.47676603283,332.694691227631
1876.32649742795,338.271308581976
1887.02577409878,323.653052241952
1829.02165602773,357.273780189421
1840.31447848842,346.753715636302
1838.23564275509,339.823992830171
1847.96074267653,343.393111631522
1850.12952264665,352.694795977895
1845.79982249404,357.821470779673
1849.14793231405,351.000759220375
1852.18365078006,334.931410674755
1853.072596324,329.561847015102
1847.67960490035,332.274286079478
1841.47355707639,352.421592667123
1838.6132762457,362.706360318227
1838.34332273224,359.523623259979
1838.79262620815,359.964322475568
1836.304004131,361.823429621613
1834.85764748108,364.180586997834
1837.37160597135,363.079483979759
1806.82217006558,375.432639897526
1504.28548836533,461.533883562211
1340.31593769855,499.689939260143
1332.62017268905,489.65903335636
1330.95509076382,489.579963585118
1327.72061018868,486.504048708371
1328.39841630297,483.660012709834
1322.92246507784,466.526780356106
1321.97226358886,463.51552108359
701.449477589066,734.576804365314
558.920476088587,793.033599207291
560.789869654976,796.986952992651
569.579803939303,803.990800437677
569.618959418125,817.984490420821
525.009916751994,880.211591035034
513.769686147727,893.085580396078
507.346739948783,885.72570550654
498.695892277685,878.450579831984
500.930190952121,873.057324437459
507.236125534871,860.839829975601
503.095288916412,850.748492632316
501.175865465829,848.41003388341
495.120255896247,846.771243445572
500.491449421963,846.024126188021
500.57750369124,845.954280010064
515.931831396827,764.963621591683
517.863164124758,723.33103089218
510.117145727061,679.482877943933
510.968547814392,680.316726951585
508.535844713589,676.529216537181
551.486160388764,661.093629996962
727.936046534597,613.072255181477
759.116822548353,602.638487148382
784.145038546334,595.972900052887
757.209070389624,596.242060476838
771.529788334988,596.220490173522
792.201927608861,598.970984724078
790.980433027663,604.14108959733
804.753057194978,597.634145855766
808.662729588837,595.877630390651
808.940168853578,595.688651257742
804.615315743396,572.935413734845
807.732541105317,565.340215207331
808.738515744621,560.629903770331
808.07487970373,561.912410231912
684.920760307533,670.228005841656
666.845101226444,688.095587922733
627.662475199953,734.615265769908
605.795464896471,745.146325624002
600.431284568493,763.829359328564
593.201536663225,838.224257570875
590.388496333066,854.106751354078
585.777034992652,856.747989610264
577.494737813131,863.423277386211
573.945524523218,864.049544308849
517.770622994482,851.315708957519
509.969515786869,849.415745261263
508.703229211197,848.667664057669
519.854239205734,846.658767097999
526.809569503551,843.850295096629
511.676725115446,835.367738395382
510.27866580681,826.014346512971
520.125278373955,813.845375696137
533.34455912129,838.526561108108
627.223844144798,897.146570775632
627.018437861572,873.333582550362
625.285380178166,842.997135713881
615.329107160492,839.904372680328
474.092770186563,797.151175202705
437.121018488783,785.224853901188
430.620325526191,787.828803852319
423.73654970773,793.796542550739
446.654512933158,801.467542635093
688.064501845927,802.55681387295
817.232962511073,802.972922251863
814.671668546142,800.564904209662
813.772890626497,770.173076945916
804.406949715736,754.865405200321
789.357936237514,698.170446585243
808.217891310968,689.644580722242
805.924201088485,691.124241328968
789.210251795142,700.434522843294
810.374801006359,552.906392621099
809.573887044849,538.294541634932
802.803429346957,530.120462887639
806.252630057988,526.438978295464
805.0813457979,525.653611696193
793.863135071326,521.515944679284
793.265840156375,519.318305387692
798.684282464098,518.61745283941
811.879202683482,514.542780186461
827.143386999644,511.339819463606
838.20108436469,508.306389461244
838.857676965863,506.07807978989
856.326950085492,495.258106807435
866.852661947299,484.969301906313
864.308525873022,480.264032724637
868.315767951131,480.282261728778
879.6721895003,482.767244227507
864.881739728748,484.255009567492
861.151962923102,485.848433338226
884.794730929432,482.182429570215
891.317361161821,484.389164324789
899.849184015156,488.084595366499
904.085127173917,486.475652017838
913.724879951379,482.095837778687
903.138077801667,484.427703600498
894.08604372471,485.760648066132
847.398837932439,481.468877488564
536.078955906195,470.647280031189
494.525402621673,472.911048546257
441.876445688616,462.971620312148
447.781645237058,454.321077933051
427.051122291648,450.300068307613
419.115313739866,443.032849329342
437.702427759242,458.865605177774
465.022979067952,477.319910016346
483.374206987565,477.889400779904
487.215071369489,480.612726055592
478.658580396882,470.411182790496
465.781431809181,472.378668636775
482.211940529353,490.842920021949
498.670850619838,501.764914804685
522.820772737344,515.783128203641
528.815955968783,523.889857653285
520.675426694946,533.139971806191
527.25640502014,533.032435838072
529.798841969516,534.566238077677
599.891385271954,528.814202599592
625.425129099008,531.444510522073
633.439441727943,537.622298566255
641.74383166939,534.502054229574
635.952428959135,539.634447497487
634.611543489387,542.257732751465
634.697068177395,537.357208032551
631.146330211007,536.719016015309
632.594908932893,535.056656768105
629.729932021074,535.709283693162
592.843198531085,526.168745116068
576.349820970724,529.070034073876
616.393011453227,526.926541933945
630.094474739761,524.200476181392
615.996626207409,516.427160726003
610.80729022163,514.409111643804
617.75951830312,519.871765135961
615.740826177983,521.955349242096
631.89936495758,518.297951282148
639.729033287016,518.601610597021
690.610212485375,520.547131929088
691.62817907299,521.452150197528
687.601297199919,527.438782958633
684.334915975913,528.483650823318
643.22594243818,521.588743301144
648.024194395244,534.75830496034
660.662093189203,542.002495423893
569.189588604547,854.766525160854
551.611384463992,887.314124448354
538.999979035773,906.413393078859
537.980133592909,920.684305419075
524.993528636456,941.06601668284
496.440131816412,949.452177865563
495.430323586267,949.907678166955
515.039457628657,941.246689505045
531.100616465757,932.798753202585
524.694589530601,930.574023206625
530.101180705854,914.066538309733
529.926168471074,860.49035834524
541.428737985571,871.292719726637
538.921554219596,826.494906482377
522.244537083242,813.143163376629
503.479922763383,805.719809783851
486.47914316824,799.311037599002
475.045069535635,794.60442799495
500.575491743353,772.294025419055
548.957148830553,769.929393936234
568.028718913761,770.566713771848
596.492476258234,774.416100732553
603.633156209067,762.483291264369
566.005040333575,768.450794293008
555.208117627207,769.348158930193
603.656480296936,758.995354604737
594.338361419276,750.523688472297
605.645760392588,745.67563961766
612.299560961483,746.700753195056
615.686907346558,750.840247651896
599.315312986465,745.81037271758
618.803254634321,740.226779895934
644.85546627106,734.924558893706
700.465058008474,727.014879476998
675.030539410063,717.299906051692
693.549791535867,727.225199502912
682.421009355984,729.188422587386
688.193444581532,727.436214692102
695.161074639885,725.931885394511
723.531967140805,709.536541113429
692.633921235637,690.0511830763
571.039893992843,644.327109282253
536.401740683173,631.984876011634
507.593276981905,624.169188267638
473.62910140054,635.781754962589
479.164191243674,632.838062821685
423.236053123815,647.932316065106
427.038625622308,645.341419622418
421.987890586771,645.260690914342
399.965287574681,650.260505660188
412.213578942578,638.474848911839
393.656567954383,653.246287676448
414.62698607905,783.674597148996
422.823693892703,838.304917817634
453.924352860036,868.922664662078
444.745127639861,882.477059511713
397.019698448912,885.46781775783
401.381733823109,875.096911789286
409.925666735472,868.136244908923
422.901981885406,861.314613704139
427.480325320101,859.94350094522
424.48489230304,852.087864432813
447.390816805081,846.197909309172
446.910905709902,846.72798615308
391.570128549498,850.732429531179
414.198125183851,841.616039192168
386.93251351779,832.366141744994
380.107767810753,832.204564661213
380.402677386678,858.974014933935
380.288655549396,902.992418204807
364.232968960611,913.32816729904
404.557689063354,889.674941605036
398.19360849086,880.017448346707
374.881295451306,873.030670108535
357.149904246903,854.673283852711
392.875765519114,785.112156439617
416.257892709049,742.033535649272
444.482568746461,696.633381522181
454.954724251552,698.482328255938
482.030233690008,701.119008578328
512.276500196799,707.499765691491
521.95648933519,704.992700786792
551.099457863051,695.130422637681
457.477293406191,712.610417895313
436.380940114386,717.879181024027
478.394671027837,706.626005709251
456.09002994207,702.345783346258
451.930299708674,738.451850855151
434.256532079737,783.902215447717
437.396924778175,795.779900087092
446.477650228043,800.39326883868
457.389578372289,804.323038008709
466.144985821211,804.730976123683
459.438725956095,806.351384279281
464.600873347348,803.654327638014
525.670489678335,806.762398694022
516.397496861038,811.636087739422
457.153571011546,832.385446256315
454.991120542244,832.459472449371
453.0051038243,832.893330588106
438.131086535386,822.667744572949
453.877049063357,813.670389248337
448.781134435282,804.850188539151
440.708437866578,780.418271208238
452.277007192706,774.650299548172
458.096460904753,782.967659741906
451.882586945926,783.166016356065
398.106956763813,789.311039892221
407.215633465914,795.628969811311
476.485255305636,792.754336780464
485.40540143421,795.878006064674
499.152617729067,791.707767962875
509.484002416903,782.661360269034
504.333289322156,772.850320466494
500.442914329767,767.619960981751
480.654274886971,758.515227516657
422.458849073331,753.25215145493
456.884110015041,741.176836766796
437.356937105576,744.664051690781
410.152279621211,745.647766034852
425.006949065131,749.413571354737
476.732217342659,753.474796999285
470.753818634828,754.853984356602
475.655278338738,755.985184097576
750.251596392666,738.009611361227
786.383022774062,739.165089627054
761.921735190212,741.33275778024
755.846136851708,734.193460767363
758.525890913164,732.338098977605
770.039715713888,728.233779694577
710.317967299603,726.952645099705
596.270175372202,720.082670038702
548.018111025639,719.202792621147
498.804300204235,719.784002032032
486.467079257441,694.533954563553
482.009420575253,692.712897965112
454.084552281381,705.677470653588
443.725598637924,706.316472185501
447.61439598449,713.789959566798
448.264857464073,719.353039711283
448.257350329902,700.531091367778
446.152547562304,683.248858576862
427.895270527228,692.013183850187
453.834380525957,690.421285190296
449.009224110965,637.097695314448
445.544359135964,620.492264786772
446.491867272645,613.968257554439
442.755046697026,611.083302536206
435.550861098952,620.666246610164
437.941727737195,618.360474377621
434.974566162923,618.236190931351
431.110722194006,614.689217348236
404.582823284297,618.828020876893
408.444511463353,621.440394480188
425.07838000919,619.88799835133
426.666947900926,621.717740422824
431.152941205422,624.230685672745
434.370579032456,625.57726411811
426.883069957595,641.107078938063
424.252170488357,645.523838500222
419.123176615272,641.244601403508
428.889345299304,650.609563689797
404.407764103868,648.213258277613
413.220066233004,659.616222677218
501.466663995744,736.74581849356
511.275731329886,741.185270335936
537.262847810093,748.492060637217
585.267305707564,731.845222934698
571.182917508854,735.383806478754
464.730132258237,609.56491838463
404.304960918948,532.154174387258
403.98389261845,499.066497457404
408.56000473036,498.671442559299
435.426065869965,488.061250849872
425.508025114177,491.219635028321
411.115738592152,493.112168582414
412.539547117926,495.108152209978
418.820046887348,495.262584384562
420.158890681377,495.610677030925
410.546399554897,483.35493027033
411.858071604993,484.723901449962
415.700642006079,496.570728005675
414.988542756856,462.790554378476
501.741599466467,252.941416167953
565.424804424635,204.304168738957
526.341135747799,209.098538396578
544.894963095972,187.84729021636
545.530036704345,201.121280737086
539.757699540452,203.140821675401
528.044566837071,206.134980623532
504.403290413717,225.957133241318
483.514599019977,728.259712334859
459.28626993648,909.317121402973
466.493853957366,912.086570073317
468.310470475462,929.179910263548
459.025979054318,928.823472518518
470.095147349211,922.437992448122
468.806910535624,915.457592074635
485.305054088611,905.178836648583
485.265567412616,717.36086602804
544.122094758461,600.276607423699
539.48100922246,596.516674465061
522.110132055608,587.387485627856
555.731041920965,577.98248891219
567.976414496611,571.797082497956
536.700954056617,546.901416290654
552.226721031274,497.385819840515
590.834040410879,440.409380134363
587.963178981522,432.80421620163
590.602451909684,408.227745679708
598.724052249407,391.289669284576
585.563110995255,385.963643772594
602.413648604685,345.324711807307
613.6128442832,332.140376522615
590.156379691127,324.382939644118
583.619619463561,321.057074622886
564.150163114196,279.817600741557
513.166270360643,217.305341868091
455.453292733923,173.876189002115
429.886361524806,154.426793515745
441.646540260727,162.631871074331
501.078913976904,178.412050542199
472.293723859233,161.860919273352
509.662906451108,134.37605646815
512.945617339848,112.809620299293
481.686185447524,98.614779203617
453.114568971697,98.6142191255081
458.875832501839,97.9597258850875
501.011319915232,108.013050230259
519.944850458391,116.302529027158
511.335130661625,117.052314032849
413.05544218026,121.673668596369
424.826360410019,134.652326987392
410.951481590346,167.875098584416
419.311749858374,192.044152843501
429.609587080406,201.808791637296
504.402401690569,214.89300109709
519.248956735441,218.042865118639
481.150648408265,217.171994741023
468.936382172969,195.450802276524
438.079576968324,198.670359269093
457.81590592879,186.309228260281
451.411637131309,177.681877427099
430.066380898498,182.168329882277
427.588230809435,181.590230224104
422.700609779853,181.44254792821
367.252945757459,181.301859156867
407.076376186231,192.556132025039
455.280169511001,183.943040034678
423.508044619597,189.897677295881
464.531908088995,181.448689585678
464.88421289329,174.649970551239
481.793735789468,177.047836575094
468.979165319149,168.627548522798
447.984506322597,162.393172140925
470.110834293602,170.329711524876
517.807165191176,181.46695337541
518.463157840555,178.69883703313
557.879966040172,162.461410214882
606.697203936416,156.44753378999
620.698819850919,153.745761418006
601.83040126602,161.640570068383
605.646097450789,178.151115142894
585.372704555706,181.350638893446
587.880564711819,176.541032675787
520.539377264364,172.422511341337
560.469359692194,159.105171755987
530.071142078468,174.309831369878
537.514863576053,178.650045352972
502.968228779066,187.076284778038
500.89072372416,181.67604977828
499.739574699666,184.684819257498
505.804577728972,190.789550934247
516.368029533741,184.910138394886
546.594704842283,181.445725534438
559.234202370546,166.803568385842
560.340631074676,165.738442354258
553.878343186219,162.835164082136
559.254385268886,163.022763947802
552.969326043988,168.561651363318
509.849755339733,169.627987924175
524.420385406571,166.927979703852
559.701964969931,151.918191155235
570.38350087263,135.018638736019
595.997063565183,133.819998982593
599.673122010042,136.812535016106
589.771408250038,128.340241380374
566.124878960597,129.44961363871
606.735582085493,126.057174264168
602.919973535158,126.873572285554
588.224435545003,155.393748452314
556.759058729076,169.996679015812
545.232213581745,192.131064568215
601.390040478541,224.112283547132
545.371336023649,222.371895698175
567.408274885061,211.293409646057
573.425463344359,199.712542340402
567.929218911099,193.270886372321
632.891170619541,189.317151785274
605.503018432146,198.343938543119
632.839387478344,187.195184204784
542.123064684751,184.503143813922
464.572540976467,187.46709841077
465.084441952658,193.316763194631
413.463905711547,203.778609211616
408.027786213415,204.392329987922
414.334478060249,203.409983167737
416.418756366511,204.444718498028
432.397500018643,199.802678127632
451.022501109317,205.533273329487
467.806395906563,207.597546559559
469.723360346269,206.775084847508
475.415320313018,203.141833268632
468.060614474977,203.396652853596
466.714273694199,199.94563983506
480.835335558155,197.136276586227
464.223589560571,191.958806769554
440.944858244152,186.86142094053
442.631767114215,190.025599986267
444.808780078819,191.795446874901
421.782605127893,188.74619396894
454.474210580596,202.044595678894
498.800390857771,195.857374417203
558.23778362892,191.022611256065
552.785788405426,192.144403754154
552.845115470391,196.381970569922
547.431361910876,192.075213654593
553.421261352816,184.900144799678
597.123123305019,196.203002925967
585.693857022977,195.801786773124
611.478236704105,196.168341944101
628.07286831259,197.223918492937
674.191240328415,198.725487934433
588.183722445492,171.445693074962
575.257903481833,170.130590556245
625.105859442359,177.067719465474
658.318679789376,184.603869219294
732.504333860603,192.955902306202
720.62257282319,186.762202199927
743.77170003755,175.201174152718
737.263327356272,170.254379315832
720.963009600079,188.105499070705
731.877592047369,185.11640746223
730.864994462781,178.692101070496
732.50619052469,163.832960388641
722.067522584435,167.293729142379
739.162165716662,217.062538924204
404.394146669186,216.04287605253
395.760168090756,228.884579031827
439.954482406231,227.600947269154
425.136867403107,223.504394713734
421.956772937502,224.730797001955
421.799384927793,216.87457739645
391.267224665281,206.625167956986
383.878039403419,200.910372861877
388.198934045099,203.749200001703
431.903724698288,240.107383279274
429.220124547352,246.758179548452
505.330685000327,247.363757707465
513.069899590482,241.513514405429
533.20085108433,237.782779251053
544.456578414705,235.657249976763
554.148591724708,237.746877237758
648.471992887427,232.207084165879
600.198922212912,215.595280442334
595.07277641272,211.016313103806
638.349567421772,225.842502606609
616.658185932316,222.68315844126
622.314934694954,218.339939491523
625.692026806075,217.148252842105
674.834795036663,212.843899863821
711.239483879955,222.213017511447
713.941284880332,221.461394516196
694.780572501316,220.423139466639
678.348464551521,222.801664054254
672.293632141613,222.090467675121
677.407744068991,219.800718010916
678.110588969078,218.718346857167
649.760412229838,209.56962471454
657.8316450949,217.364870483258
671.170799300026,217.637915602502
671.971662944838,215.619139881722
741.584817314535,219.580270102808
757.592599540869,225.018142193538
779.587991226413,226.157204736596
787.287071567424,227.02332414627
791.979037908769,224.586202413621
753.251175158737,219.398600041353
746.143075930244,222.061145322028
755.247150104755,219.723095825365
765.837881122539,226.604565809854
759.098814312856,230.75387494177
815.034281452301,241.478002899658
816.081017520208,232.999691305024
820.72193265682,231.585281394543
843.639759716801,217.420004960602
874.481510826046,218.191857447649
849.00611213092,215.605120934662
883.844612122331,217.768656791622
883.300004734439,218.142589583139
880.561738891172,222.568184091514
940.348034370435,228.687042573569
955.0687218173,234.330960423397
880.345971682794,238.009618818523
804.8407770927,239.785349209827
742.722552376026,259.376971199363
557.001232904984,343.828839984196
498.745230327435,354.655179850303
316.900536452285,1519.07585424155
542.122487492588,1466.66976977948
957.9837431179,1979.94608054468
809.626120571378,1886.28480168698
753.311833524855,1827.61022174931
782.005100973802,1842.72590955744
813.809991150298,1872.44274143425
642.236964868566,1848.90888138032
829.879952320935,2095.96161086683
825.218264865773,2227.64393176364
721.129675420117,2256.82483982594
800.124284664066,2251.77914588987
799.949852905412,2231.51286746772
439.025491951809,75.6503110629812
487.045671493144,29.2766246027624
505.482079948614,52.9229027383432
523.346071352815,55.4414917225748
518.527672581614,88.929002338865
558.715008155049,267.603581010143
540.420611731129,268.542676334739
502.086066562154,268.167978865164
472.637713150766,289.407126182534
472.041246064219,304.434796386539
423.133382936118,241.842986579979
434.692444101692,221.048641956194
438.854824057958,171.051103778499
451.742799465696,164.270002292973
453.534582384666,167.186159733327
463.831714963345,170.507182733587
458.011011844106,163.3571575286
444.414590462654,155.192027635056
476.092459474075,165.917015517617
501.685316855933,164.855643362489
474.260767779297,145.958978516223
466.729284107149,146.447321696775
427.690280620603,172.456993264779
411.411300449103,196.712874226654
425.657049009787,194.798777582044
429.590945677761,197.190481795636
436.36856204861,199.510028629731
414.918007878803,214.288660514613
406.039886555829,216.781589597786
64.017712478226,328.370062114877
137.648050050379,350.608908907122
202.348839565215,256.609141038697
235.256108183219,195.58508717834
290.164240357409,104.772668770147
366.841752888061,128.488188770261
374.070695819924,121.054740318663
391.706939033424,123.259242053139
438.093127500261,160.908349350739
541.923927989983,298.518802665645
548.656299634348,314.100502379959
556.412688144179,318.238511934338
566.927358471387,310.228989977248
566.573286980507,301.619460091065
579.338470670674,281.717788134557
573.823813471044,285.075660440116
566.789053120747,297.531749277283
566.051629817554,301.418570069273
583.747004481995,306.335554342414
647.325556834438,335.595389273319
663.830836638278,342.547565671875
672.64428100151,349.424762416804
593.144336124287,514.498295651862
703.11569771561,566.04890733118
694.200751555959,533.231808875972
693.302740436201,521.950853887282
676.089116336052,513.928199881672
580.957557837566,300.666804275843
546.401554764034,198.637839789893
551.921251459179,211.30923000386
547.980483721868,199.834091563701
545.465119034971,181.708410705561
539.408520403895,185.531885603672
597.065455177152,211.901365820982
604.585338414836,206.158228861243
602.575622907095,198.315177598124
587.256740043831,194.2433560589
591.973829794015,184.038873595438
584.110440868235,179.048264215189
544.984374603014,181.81979980065
473.510717365937,198.078284666437
457.878140505945,201.247607823856
452.142067657039,202.097308572756
451.908060230159,207.764292732261
455.790595135741,199.658434762
483.202739505887,204.554815599617
483.390637477067,205.193387066657
478.989749919065,209.130298789512
427.439934073872,208.088657506166
424.28817010318,204.854777754503
428.037585464848,199.830004211061
420.585660998448,205.644548378059
465.326203721812,208.307902407953
472.812350408361,206.167482780453
478.907970374673,205.646472291675
470.578245814235,210.331462005487
475.797747557018,226.106330255835
616.698035987986,319.156708347439
556.462708670805,316.380380352144
574.41202704856,328.809636357392
576.30967507457,363.989778761264
556.395642912372,377.154997075151
526.637000112326,333.072117032701
526.775072718302,310.529410091331
521.031117481641,247.959229161138
531.147770770969,234.13259721735
520.019336032669,219.023424305432
517.868718008351,219.41868409408
520.33829096858,220.583478011945
521.794928714583,233.490796345182
568.889181256258,242.500867293941
569.330882421785,240.831314006277
573.210607868493,238.627541794821
562.42565809038,244.109801418275
570.88267132723,248.631412860695
522.302583338961,236.098645746957
527.575896155945,236.554700796233
552.661573478866,244.228604063512
490.000171277015,355.720710936963
532.626993678205,244.428468638647
558.453781619656,206.160637422722
578.266986689816,191.620317820698
582.230217956386,226.235258214551
580.832250768628,265.004463073121
576.846445708717,278.009349381674
575.679680127703,278.21699671685
576.969930827678,264.529136395342
570.63598833264,258.562228128582
574.306597641698,237.372427792296
578.73604905006,232.636248116772
594.341622294834,214.399421975975
582.131541157087,211.557856096863
588.23084203278,238.729146120188
597.599631492553,218.764160469384
-255.906403965862,1813.98808017119
-303.044573517231,1873.51098299545
-132.904915590731,1822.91902409138
53.0489909733286,1833.06431951363
86.1159130115285,1782.79206878348
217.00267445548,1674.36277889452
485.198220002932,1238.49531279106
652.197424226712,640.542091050596
676.207082210418,455.43357239991
671.655890711009,456.108803755968
683.810144269707,448.287197240678
599.276116403089,308.832544220815
457.232924209219,131.90549795796
460.671708907442,109.412075832314
423.623489578015,105.246478169605
316.314905687507,98.6376361692534
